Search,Product Name,Product Price,Link
Fi Smart Dog Collar,"MAX & Molly Smart ID Dog Collar, Neoprene Padded Dog Collar with Personalized Pet Profile Smart ID QR-Tag, Waterproof & Machine Washable Collars for Small Dogs, (Neck Size 9-14”) Jelly Bears",5304.81,https://www.amazon.com.mx//Max-Molly-Comfortable-Protection-Extraordinary/dp/B07S71RTNQ/ref=sr_1_1?__mk_es_MX=%C3%85M%C3%85%C5%BD%C3%95%C3%91&crid=3U4HJF8FHC2PN&keywords=Fi+Smart+Dog+Collar&qid=1645669312&refinements=p_72%3A7073863011&rnid=7073859011&s=pet-supplies&sprefix=smart+collar%2Cpets%2C176&sr=1-1
Fi Smart Dog Collar,"Garmin Astro 900 - Collar de Perro para Seguimiento de Perros, GPS para hasta 20 Perros, Solo Dispositivo para Perros",264.9,https://www.amazon.com.mx//Garmin-Sistema-Seguimiento-Deportivo-Dispositivo/dp/B07GNZ24VD/ref=sr_1_2?__mk_es_MX=%C3%85M%C3%85%C5%BD%C3%95%C3%91&crid=3U4HJF8FHC2PN&keywords=Fi+Smart+Dog+Collar&qid=1645669312&refinements=p_72%3A7073863011&rnid=7073859011&s=pet-supplies&sprefix=smart+collar%2Cpets%2C176&sr=1-2&ufe=app_do%3Aamzn1.fos.d6a47de5-06cb-4416-9abc-48deac71c815
Fi Smart Dog Collar,"Pup Culture Airtag - Soporte para collar de perro, funda protectora para Airtag para collar de perro, bucle para rastreador de perros GPS, rastreador de perros para Apple iPhone, Airtag Pet, soporte para Airtag para perro",488.72,https://www.amazon.com.mx//Pup-Culture-Airtag-impermeable-rastreadores/dp/B097Z7CYQZ/ref=sr_1_3?__mk_es_MX=%C3%85M%C3%85%C5%BD%C3%95%C3%91&crid=3U4HJF8FHC2PN&keywords=Fi+Smart+Dog+Collar&qid=1645669312&refinements=p_72%3A7073863011&rnid=7073859011&s=pet-supplies&sprefix=smart+collar%2Cpets%2C176&sr=1-3
Fi Smart Dog Collar,"Rastreador de perros Tractive LTE GPS – rastreador de localización y actividad para perros con alcance ilimitado (nuevo modelo), beige (TRNJA4)",1251.06,https://www.amazon.com.mx//Tractive-Rastreador-Perros-LTE-GPS/dp/B08C5DQ2MP/ref=sr_1_4?__mk_es_MX=%C3%85M%C3%85%C5%BD%C3%95%C3%91&crid=3U4HJF8FHC2PN&keywords=Fi+Smart+Dog+Collar&qid=1645669312&refinements=p_72%3A7073863011&rnid=7073859011&s=pet-supplies&sprefix=smart+collar%2Cpets%2C176&sr=1-4
Fi Smart Dog Collar,"BSEEN Collar LED para Perro, Recargable por USB, Collar de Perro para Mascotas Brillante para Seguridad Nocturna, Collar de luz de Moda para Perros pequeños, medianos y Grandes (Verde neón)",584.32,https://www.amazon.com.mx//BSEEN-Recargable-Mascotas-Brillante-Seguridad/dp/B01CCP1UPY/ref=sr_1_5?__mk_es_MX=%C3%85M%C3%85%C5%BD%C3%95%C3%91&crid=3U4HJF8FHC2PN&keywords=Fi+Smart+Dog+Collar&qid=1645669312&refinements=p_72%3A7073863011&rnid=7073859011&s=pet-supplies&sprefix=smart+collar%2Cpets%2C176&sr=1-5
Fi Smart Dog Collar,"SportDOG Brand 425 Family Remote Trainers - Including New X-Series - Waterproof, Rechargeable Dog Training Collars with Shock, Vibrate, and Tone - 500 Yard Range",3746.75,https://www.amazon.com.mx//SportDOG-Brand-Family-Remote-Trainers/dp/B07DZ1752D/ref=sr_1_6?__mk_es_MX=%C3%85M%C3%85%C5%BD%C3%95%C3%91&crid=3U4HJF8FHC2PN&keywords=Fi+Smart+Dog+Collar&qid=1645669312&refinements=p_72%3A7073863011&rnid=7073859011&s=pet-supplies&sprefix=smart+collar%2Cpets%2C176&sr=1-6&ufe=app_do%3Aamzn1.fos.d6a47de5-06cb-4416-9abc-48deac71c815
Fi Smart Dog Collar,"PATPET Collar de entrenamiento para perros con 3 modos de entrenamiento seguros, collar de choque resistente al agua IPX7 recargable para perros con mando a distancia, control de 3000 pies, perfecto para perros pequeños (3,6 a 54,4 kg) – Collar de ladrido con mando a distancia",4758.0,https://www.amazon.com.mx//PATPET-entrenamiento-impermeable-recargable-distancia/dp/B08GWW9Q9V/ref=sr_1_7?__mk_es_MX=%C3%85M%C3%85%C5%BD%C3%95%C3%91&crid=3U4HJF8FHC2PN&keywords=Fi+Smart+Dog+Collar&qid=1645669312&refinements=p_72%3A7073863011&rnid=7073859011&s=pet-supplies&sprefix=smart+collar%2Cpets%2C176&sr=1-7&ufe=app_do%3Aamzn1.fos.8a46d436-f8dd-421d-a49c-494b5d1632c6
Fi Smart Dog Collar,"Dogtra Pathfinder Collar de entrenamiento remoto para perro y seguimiento GPS – alcance de 9 millas, deportes de caza en tierras altas, receptor impermeable, recargable, estático, tono audible, PetsTEK Trainer Clicker – Edición naranja",2788.0,https://www.amazon.com.mx//Dogtra-Pathfinder-entrenamiento-impermeable-recargable/dp/B081MDPQD5/ref=sr_1_8?__mk_es_MX=%C3%85M%C3%85%C5%BD%C3%95%C3%91&crid=3U4HJF8FHC2PN&keywords=Fi+Smart+Dog+Collar&qid=1645669312&refinements=p_72%3A7073863011&rnid=7073859011&s=pet-supplies&sprefix=smart+collar%2Cpets%2C176&sr=1-8
Fi Smart Dog Collar,"Heaflex - Collar de entrenamiento para perros de 800 yardas, impermeable, con mando a distancia, para perros pequeños, medianos y grandes, con 4 modos de entrenamiento, luz estática, vibración, pitido para perros",999.0,https://www.amazon.com.mx//entrenamiento-electr%C3%B3nico-peque%C3%B1os-medianos-vibraci%C3%B3n/dp/B08JQ65BPP/ref=sr_1_9?__mk_es_MX=%C3%85M%C3%85%C5%BD%C3%95%C3%91&crid=3U4HJF8FHC2PN&keywords=Fi+Smart+Dog+Collar&qid=1645669312&refinements=p_72%3A7073863011&rnid=7073859011&s=pet-supplies&sprefix=smart+collar%2Cpets%2C176&sr=1-9
Fi Smart Dog Collar,"Garmin Collar de Perro de 2,5 cm, Naranja",1099.0,https://www.amazon.com.mx//Garmin-010-11892-00-Poliuretano-Naranja-Tracking/dp/B00A5C0CIS/ref=sr_1_10?__mk_es_MX=%C3%85M%C3%85%C5%BD%C3%95%C3%91&crid=3U4HJF8FHC2PN&keywords=Fi+Smart+Dog+Collar&qid=1645669312&refinements=p_72%3A7073863011&rnid=7073859011&s=pet-supplies&sprefix=smart+collar%2Cpets%2C176&sr=1-10
Fi Smart Dog Collar,Garmin T5 GPS Collar para Perro,189.99,https://www.amazon.com.mx//Garmin-T5-GPS-collar-de-perro/dp/B00L3C5EDC/ref=sr_1_11?__mk_es_MX=%C3%85M%C3%85%C5%BD%C3%95%C3%91&crid=3U4HJF8FHC2PN&keywords=Fi+Smart+Dog+Collar&qid=1645669312&refinements=p_72%3A7073863011&rnid=7073859011&s=pet-supplies&sprefix=smart+collar%2Cpets%2C176&sr=1-11
Fi Smart Dog Collar,"Sichy Pet - Funda Protectora de Silicona para Apple Airtag GPS Finder Perro Gato Collar Loop Soporte para Air_Tag, para Apple Locator Tracker Dispositivo antipérdida (Luminous Green)",556.56,https://www.amazon.com.mx//Sichy-Pet-Protectora-Dispositivo-antip%C3%A9rdida/dp/B095YR749W/ref=sr_1_12?__mk_es_MX=%C3%85M%C3%85%C5%BD%C3%95%C3%91&crid=3U4HJF8FHC2PN&keywords=Fi+Smart+Dog+Collar&qid=1645669312&refinements=p_72%3A7073863011&rnid=7073859011&s=pet-supplies&sprefix=smart+collar%2Cpets%2C176&sr=1-12
Fi Smart Dog Collar,"Blazin' Safety LED Dog Collar - USB Rechargeable with Water Resistant Flashing Light, Medium, Black",329.0,https://www.amazon.com.mx//gp/slredirect/picassoRedirect.html/ref=pa_sp_mtf_pets_sr_pg1_1?ie=UTF8&adId=A05239212NM0MBZ0IXD06&url=%2FBlazin-Safety-LED-Dog-Collar%2Fdp%2FB01MATF797%2Fref%3Dsr_1_13_sspa%3F__mk_es_MX%3D%25C3%2585M%25C3%2585%25C5%25BD%25C3%2595%25C3%2591%26crid%3D3U4HJF8FHC2PN%26keywords%3DFi%2BSmart%2BDog%2BCollar%26qid%3D1645669312%26refinements%3Dp_72%253A7073863011%26rnid%3D7073859011%26s%3Dpet-supplies%26sprefix%3Dsmart%2Bcollar%252Cpets%252C176%26sr%3D1-13-spons%26psc%3D1&qualifier=1645669312&id=4257270602284539&widgetName=sp_mtf
Fi Smart Dog Collar,"Umile Nuevo Juguete de Cuerdas para Perro 4 EN 1, Juguetes para Cachorros. Juguetes para Perros pequeños a medianos (Juego de 4) Cuerdas Interactivas para Entrenamiento. Rope Toys for Dogs.",1109.52,https://www.amazon.com.mx//gp/slredirect/picassoRedirect.html/ref=pa_sp_mtf_pets_sr_pg1_1?ie=UTF8&adId=A0338146116EFYWHU5445&url=%2FUmile-Mascotas-Cachorros-Interactivas-entrenamiento%2Fdp%2FB07G9RJ8MR%2Fref%3Dsr_1_14_sspa%3F__mk_es_MX%3D%25C3%2585M%25C3%2585%25C5%25BD%25C3%2595%25C3%2591%26crid%3D3U4HJF8FHC2PN%26keywords%3DFi%2BSmart%2BDog%2BCollar%26qid%3D1645669312%26refinements%3Dp_72%253A7073863011%26rnid%3D7073859011%26s%3Dpet-supplies%26sprefix%3Dsmart%2Bcollar%252Cpets%252C176%26sr%3D1-14-spons%26psc%3D1&qualifier=1645669312&id=4257270602284539&widgetName=sp_mtf
Fi Smart Dog Collar,"Petrainer Upgraded Version Dog Shock Collar 900 ft Remote Dog Training Collar with Beep/Vibration/Shock Electric Dog Collar for Dogs, Rechargable & Rainproof",1887.85,https://www.amazon.com.mx//Petrainer-Dog-Collar-Training-Rechargable/dp/B01N22G8AR/ref=sr_1_15?__mk_es_MX=%C3%85M%C3%85%C5%BD%C3%95%C3%91&crid=3U4HJF8FHC2PN&keywords=Fi+Smart+Dog+Collar&qid=1645669312&refinements=p_72%3A7073863011&rnid=7073859011&s=pet-supplies&sprefix=smart+collar%2Cpets%2C176&sr=1-15
Fi Smart Dog Collar,"IQVenture <p Dog Training Collar,1000 feet Range, Rechargable Shock Collar, 100% Waterproof, Dog Shock Collar, 3 Modes beep/vibrate/Shock for Small, Medium, Large Dogs (10-120 lbs</p>, for 2 dogs",1238.66,https://www.amazon.com.mx//IQVenture-Training-Rechargable-Waterproof-vibrate/dp/B085SZ6R34/ref=sr_1_16?__mk_es_MX=%C3%85M%C3%85%C5%BD%C3%95%C3%91&crid=3U4HJF8FHC2PN&keywords=Fi+Smart+Dog+Collar&qid=1645669312&refinements=p_72%3A7073863011&rnid=7073859011&s=pet-supplies&sprefix=smart+collar%2Cpets%2C176&sr=1-16
Fi Smart Dog Collar,"Whistle Fit - Rastreador de Fitness para Mascotas, Seguimiento de la Salud, nutrición y Actividad, Impermeable, Monitor de Comportamiento, lamer, arañazos, Beber y Dormir, Verde",439.0,https://www.amazon.com.mx//Whistle-GO-Explore-Twist-Go/dp/B07TB5ML3L/ref=sr_1_17?__mk_es_MX=%C3%85M%C3%85%C5%BD%C3%95%C3%91&crid=3U4HJF8FHC2PN&keywords=Fi+Smart+Dog+Collar&qid=1645669312&refinements=p_72%3A7073863011&rnid=7073859011&s=pet-supplies&sprefix=smart+collar%2Cpets%2C176&sr=1-17
Fi Smart Dog Collar,Collar de entrenamiento para perros actualizado 1000 pies remoto recargable impermeable collar de choque eléctrico con choque de vibración de pitido para perros pequeños medianos grandes (10-120 lbs),629.0,https://www.amazon.com.mx//entrenamiento-actualizado-recargable-impermeable-el%C3%A9ctrico/dp/B07JB5213F/ref=sr_1_18?__mk_es_MX=%C3%85M%C3%85%C5%BD%C3%95%C3%91&crid=3U4HJF8FHC2PN&keywords=Fi+Smart+Dog+Collar&qid=1645669312&refinements=p_72%3A7073863011&rnid=7073859011&s=pet-supplies&sprefix=smart+collar%2Cpets%2C176&sr=1-18
Fi Smart Dog Collar,"ANNTHOR Collar Antiladridos Perros para Pequeños Medianos y Grandes, Bark Control Collar, Modo de Sonido y Vibración para Entrenar Perros, Ajuste de Sensibilidad de 7 Niveles, Collar de Entrenamiento amigable",1652.87,https://www.amazon.com.mx//ANNTHOR-Antiladridos-Vibraci%C3%B3n-Sensibilidad-Entrenamiento/dp/B09BNDGSRB/ref=sr_1_19?__mk_es_MX=%C3%85M%C3%85%C5%BD%C3%95%C3%91&crid=3U4HJF8FHC2PN&keywords=Fi+Smart+Dog+Collar&qid=1645669312&refinements=p_72%3A7073863011&rnid=7073859011&s=pet-supplies&sprefix=smart+collar%2Cpets%2C176&sr=1-19
Fi Smart Dog Collar,"INGEQUIS Collar Antiladrio Amigable para Perros, Collar de Entrenamiento Impermeable y Recargable, Función de Pitido/Vibración/Choque con 5 Niveles Ajustables para Perros hasta 60Kg",1659.0,https://www.amazon.com.mx//INGEQUIS-Antiladrio-Entrenamiento-Impermeable-Recargable/dp/B098DQFBYY/ref=sr_1_20?__mk_es_MX=%C3%85M%C3%85%C5%BD%C3%95%C3%91&crid=3U4HJF8FHC2PN&keywords=Fi+Smart+Dog+Collar&qid=1645669312&refinements=p_72%3A7073863011&rnid=7073859011&s=pet-supplies&sprefix=smart+collar%2Cpets%2C176&sr=1-20
Fi Smart Dog Collar,PETLIBRO Alimentador automático Cat,7123.84,https://www.amazon.com.mx//PETLIBRO-PLAF005-Alimentador-autom%C3%A1tico-Cat/dp/B0953SDCRG/ref=sr_1_21?__mk_es_MX=%C3%85M%C3%85%C5%BD%C3%95%C3%91&crid=3U4HJF8FHC2PN&keywords=Fi+Smart+Dog+Collar&qid=1645669312&refinements=p_72%3A7073863011&rnid=7073859011&s=pet-supplies&sprefix=smart+collar%2Cpets%2C176&sr=1-21
Fi Smart Dog Collar,"Bousnic - Collar de choque para 2 perros (3,6-120 libras) – Collar de entrenamiento de perros eléctrico impermeable recargable con mando a distancia para perros pequeños, medianos y grandes, con pitido vibración, modos de choque seguro",7572.99,https://www.amazon.com.mx//Bousnic-entrenamiento-el%C3%A9ctrico-impermeable-recargable/dp/B08KZZ81XB/ref=sr_1_22?__mk_es_MX=%C3%85M%C3%85%C5%BD%C3%95%C3%91&crid=3U4HJF8FHC2PN&keywords=Fi+Smart+Dog+Collar&qid=1645669312&refinements=p_72%3A7073863011&rnid=7073859011&s=pet-supplies&sprefix=smart+collar%2Cpets%2C176&sr=1-22
Fi Smart Dog Collar,PetSafe® Sistema inalámbrico de contención de Mascotas™,1898.6,https://www.amazon.com.mx//PetSafe%C2%AE-Sistema-inal%C3%A1mbrico-contenci%C3%B3n-MascotasTM/dp/B0001ZWZ8O/ref=sr_1_23?__mk_es_MX=%C3%85M%C3%85%C5%BD%C3%95%C3%91&crid=3U4HJF8FHC2PN&keywords=Fi+Smart+Dog+Collar&qid=1645669312&refinements=p_72%3A7073863011&rnid=7073859011&s=pet-supplies&sprefix=smart+collar%2Cpets%2C176&sr=1-23&ufe=app_do%3Aamzn1.fos.8a46d436-f8dd-421d-a49c-494b5d1632c6
Fi Smart Dog Collar,Petrainer PET916-2 Shock Collar for 2 Dogs 100% Waterproof Electric Dog Shock Collar with Remote Rechargeable Dog Training Collar with Beep Vibrating (10-100lbs),2207.56,https://www.amazon.com.mx//Petrainer-PET916-2-Shock-Collar-Dog/dp/B00SMKMU9Y/ref=sr_1_24?__mk_es_MX=%C3%85M%C3%85%C5%BD%C3%95%C3%91&crid=3U4HJF8FHC2PN&keywords=Fi+Smart+Dog+Collar&qid=1645669312&refinements=p_72%3A7073863011&rnid=7073859011&s=pet-supplies&sprefix=smart+collar%2Cpets%2C176&sr=1-24
Fi Smart Dog Collar,"Flurff Alimentador automático para gatos de 6 L, 2.4 G WiFi habilitado para mascotas para animales pequeños con cuenco de acero inoxidable para alimentos secos, control de aplicación y hasta 12 comidas por día, grabadora de voz de 10 segundos",1199.0,https://www.amazon.com.mx//Flurff-Alimentador-autom%C3%A1tico-habilitado-inoxidable/dp/B098RNCWC7/ref=sr_1_25?__mk_es_MX=%C3%85M%C3%85%C5%BD%C3%95%C3%91&crid=3U4HJF8FHC2PN&keywords=Fi+Smart+Dog+Collar&qid=1645669312&refinements=p_72%3A7073863011&rnid=7073859011&s=pet-supplies&sprefix=smart+collar%2Cpets%2C176&sr=1-25&ufe=app_do%3Aamzn1.fos.8a46d436-f8dd-421d-a49c-494b5d1632c6
Fi Smart Dog Collar,"HavenJanny Collar de Entrenamiento para Perros, 1000M Collar Eléctrico para Perros con Función de Vibración/Choque/Sonido, Impermeable y Recargable para 1 Perro",2039.12,https://www.amazon.com.mx//BOBBY-Entrenamiento-El%C3%A9ctrico-Impermeable-Recargable/dp/B07STHQ9DC/ref=sr_1_26?__mk_es_MX=%C3%85M%C3%85%C5%BD%C3%95%C3%91&crid=3U4HJF8FHC2PN&keywords=Fi+Smart+Dog+Collar&qid=1645669312&refinements=p_72%3A7073863011&rnid=7073859011&s=pet-supplies&sprefix=smart+collar%2Cpets%2C176&sr=1-26
Whistle FIT,"Whistle Fit - Rastreador de Fitness para Mascotas, Seguimiento de la Salud, nutrición y Actividad, Impermeable, Monitor de Comportamiento, lamer, arañazos, Beber y Dormir, Verde",220.94,https://www.amazon.com.mx//Whistle-GO-Explore-Twist-Go/dp/B07TB5ML3L/ref=sr_1_1?__mk_es_MX=%C3%85M%C3%85%C5%BD%C3%95%C3%91&crid=3U4HJF8FHC2PN&keywords=Whistle+FIT&qid=1645669320&refinements=p_72%3A7073863011&rnid=7073859011&s=pet-supplies&sprefix=smart+collar%2Cpets%2C176&sr=1-1
Whistle FIT,"Chuckit! The Whistler - Pelotas, Multicolor, Mediano",330.07,https://www.amazon.com.mx//Canine-Hardware-Silbadoras-Multicolor-pulgadas/dp/B00280MUXU/ref=sr_1_2?__mk_es_MX=%C3%85M%C3%85%C5%BD%C3%95%C3%91&crid=3U4HJF8FHC2PN&keywords=Whistle+FIT&qid=1645669320&refinements=p_72%3A7073863011&rnid=7073859011&s=pet-supplies&sprefix=smart+collar%2Cpets%2C176&sr=1-2
Whistle FIT,"Chuckit! Fetch Medley - Pelotas de Golf (3 Unidades), Multicolor, Medium, 2.5-Inch, 3-Pack",336.34,https://www.amazon.com.mx//Canine-Hardware-Chuckit-Multicolor-2-5-Inch/dp/B002TLTZD6/ref=sr_1_3?__mk_es_MX=%C3%85M%C3%85%C5%BD%C3%95%C3%91&crid=3U4HJF8FHC2PN&keywords=Whistle+FIT&qid=1645669320&refinements=p_72%3A7073863011&rnid=7073859011&s=pet-supplies&sprefix=smart+collar%2Cpets%2C176&sr=1-3
Whistle FIT,"Chuckit! DO820210 Pelota Whistler, talla chica, 2 Piezas, Colores Surtidos",256.7,https://www.amazon.com.mx//Chuckit-DO820210-Whistler-Colores-Surtidos/dp/B002LO2Z4C/ref=sr_1_4?__mk_es_MX=%C3%85M%C3%85%C5%BD%C3%95%C3%91&crid=3U4HJF8FHC2PN&keywords=Whistle+FIT&qid=1645669320&refinements=p_72%3A7073863011&rnid=7073859011&s=pet-supplies&sprefix=smart+collar%2Cpets%2C176&sr=1-4
Whistle FIT,"Wobble Wag Giggle Pelota, Juguete Interactivo para Perro, Divertidos Sonidos de Risa, como se ve en la televisión",297.5,https://www.amazon.com.mx//Wobble-Wag-Giggle-Interactivo-Divertidos/dp/B00PQ5UH0C/ref=sr_1_5?__mk_es_MX=%C3%85M%C3%85%C5%BD%C3%95%C3%91&crid=3U4HJF8FHC2PN&keywords=Whistle+FIT&qid=1645669320&refinements=p_72%3A7073863011&rnid=7073859011&s=pet-supplies&sprefix=smart+collar%2Cpets%2C176&sr=1-5
Whistle FIT,"Chuckit! Paquete de 2 mangas retráctiles para pelotas de tenis, pequeño (3,5 cm), 2 pelotas por paquete",256.25,https://www.amazon.com.mx//Chuckit-Paquete-retr%C3%A1ctiles-pelotas-peque%C3%B1o/dp/B014HKCP4C/ref=sr_1_6?__mk_es_MX=%C3%85M%C3%85%C5%BD%C3%95%C3%91&crid=3U4HJF8FHC2PN&keywords=Whistle+FIT&qid=1645669320&refinements=p_72%3A7073863011&rnid=7073859011&s=pet-supplies&sprefix=smart+collar%2Cpets%2C176&sr=1-6
Whistle FIT,"SportDOG Brand SportTrainer - Entrenador remoto de hasta 3 3/4 millas de alcance, impermeable, cuello electrónico con estática, vibración y tono, recargable, Rango de 3/4 millas, 6 perros expandibles., Anaranjado",1113.34,https://www.amazon.com.mx//SportDOG-Zapatillas-Deportivas-visualizaci%C3%B3n-Expandibles/dp/B077PZF7H5/ref=sr_1_7?__mk_es_MX=%C3%85M%C3%85%C5%BD%C3%95%C3%91&crid=3U4HJF8FHC2PN&keywords=Whistle+FIT&qid=1645669320&refinements=p_72%3A7073863011&rnid=7073859011&s=pet-supplies&sprefix=smart+collar%2Cpets%2C176&sr=1-7
Whistle FIT,Chew King - Bolas Brillantes (8 Unidades),401.59142857142854,https://www.amazon.com.mx//Chew-King-Bolas-Brillantes-Unidades/dp/B08X1P1ZFF/ref=sr_1_8?__mk_es_MX=%C3%85M%C3%85%C5%BD%C3%95%C3%91&crid=3U4HJF8FHC2PN&keywords=Whistle+FIT&qid=1645669320&refinements=p_72%3A7073863011&rnid=7073859011&s=pet-supplies&sprefix=smart+collar%2Cpets%2C176&sr=1-8
Whistle FIT,Garmin T5 GPS Collar para Perro,401.59142857142854,https://www.amazon.com.mx//Garmin-T5-GPS-collar-de-perro/dp/B00L3C5EDC/ref=sr_1_9?__mk_es_MX=%C3%85M%C3%85%C5%BD%C3%95%C3%91&crid=3U4HJF8FHC2PN&keywords=Whistle+FIT&qid=1645669320&refinements=p_72%3A7073863011&rnid=7073859011&s=pet-supplies&sprefix=smart+collar%2Cpets%2C176&sr=1-9
Whistle GO,Whistle GO/GO Explore/Twist & Go Collares para Mascotas/Bolt Azul/Grande XL,241.7,https://www.amazon.com.mx//Whistle-Explore-Twist-Collars-Large/dp/B07T81JTJN/ref=sr_1_1?__mk_es_MX=%C3%85M%C3%85%C5%BD%C3%95%C3%91&crid=3U4HJF8FHC2PN&keywords=Whistle+GO&qid=1645669330&refinements=p_72%3A7073863011&rnid=7073859011&s=pet-supplies&sprefix=smart+collar%2Cpets%2C176&sr=1-1
Whistle GO,"Rastreador de perros Tractive LTE GPS – rastreador de localización y actividad para perros con alcance ilimitado (nuevo modelo), beige (TRNJA4)",1251.06,https://www.amazon.com.mx//Tractive-Rastreador-Perros-LTE-GPS/dp/B08C5DQ2MP/ref=sr_1_2?__mk_es_MX=%C3%85M%C3%85%C5%BD%C3%95%C3%91&crid=3U4HJF8FHC2PN&keywords=Whistle+GO&qid=1645669330&refinements=p_72%3A7073863011&rnid=7073859011&s=pet-supplies&sprefix=smart+collar%2Cpets%2C176&sr=1-2
Whistle GO,Dog Whistle 210.5,186.61,https://www.amazon.com.mx//ACME-210-5-CORAL-Dog-Whistle/dp/B01HEKUC6A/ref=sr_1_3?__mk_es_MX=%C3%85M%C3%85%C5%BD%C3%95%C3%91&crid=3U4HJF8FHC2PN&keywords=Whistle+GO&qid=1645669330&refinements=p_72%3A7073863011&rnid=7073859011&s=pet-supplies&sprefix=smart+collar%2Cpets%2C176&sr=1-3
Whistle GO,"Chuckit! Fetch Medley - Pelotas de Golf (3 Unidades), Multicolor, Medium, 2.5-Inch, 3-Pack",336.34,https://www.amazon.com.mx//Canine-Hardware-Chuckit-Multicolor-2-5-Inch/dp/B002TLTZD6/ref=sr_1_4?__mk_es_MX=%C3%85M%C3%85%C5%BD%C3%95%C3%91&crid=3U4HJF8FHC2PN&keywords=Whistle+GO&qid=1645669330&refinements=p_72%3A7073863011&rnid=7073859011&s=pet-supplies&sprefix=smart+collar%2Cpets%2C176&sr=1-4
Whistle GO,PETpowder - Control 100% Natural contra pulgas y garrapatas para Mascotas. No tóxico.,180.0,https://www.amazon.com.mx//PETpowder-Control-Natural-garrapatas-Mascotas/dp/B089P1TQK8/ref=sr_1_5?__mk_es_MX=%C3%85M%C3%85%C5%BD%C3%95%C3%91&crid=3U4HJF8FHC2PN&keywords=Whistle+GO&qid=1645669330&refinements=p_72%3A7073863011&rnid=7073859011&s=pet-supplies&sprefix=smart+collar%2Cpets%2C176&sr=1-5
Whistle GO,"CHUCKIT Max Glow Ball, X-Large",307.35,https://www.amazon.com.mx//CHUCKIT-Max-Glow-Ball-X-Large/dp/B00VRCY08I/ref=sr_1_6?__mk_es_MX=%C3%85M%C3%85%C5%BD%C3%95%C3%91&crid=3U4HJF8FHC2PN&keywords=Whistle+GO&qid=1645669330&refinements=p_72%3A7073863011&rnid=7073859011&s=pet-supplies&sprefix=smart+collar%2Cpets%2C176&sr=1-6
Whistle GO,Acme Dog Whistle 210.5 Black,460.7,https://www.amazon.com.mx//Acme-Dog-Whistle-210-5-Black/dp/B004DYIOI4/ref=sr_1_7?__mk_es_MX=%C3%85M%C3%85%C5%BD%C3%95%C3%91&crid=3U4HJF8FHC2PN&keywords=Whistle+GO&qid=1645669330&refinements=p_72%3A7073863011&rnid=7073859011&s=pet-supplies&sprefix=smart+collar%2Cpets%2C176&sr=1-7
Whistle GO,"Chuckit! Breathe Right Fetch - Pelota, tamaño Mediano",128.15,https://www.amazon.com.mx//Chuckit-Breathe-Right-Fetch-Mediano/dp/B01N6YPCIH/ref=sr_1_8?__mk_es_MX=%C3%85M%C3%85%C5%BD%C3%95%C3%91&crid=3U4HJF8FHC2PN&keywords=Whistle+GO&qid=1645669330&refinements=p_72%3A7073863011&rnid=7073859011&s=pet-supplies&sprefix=smart+collar%2Cpets%2C176&sr=1-8
Whistle GO,Kurgo Go Stuff-It Dog Treat Bag,171.1,https://www.amazon.com.mx//Kurgo-Stuff-Dog-Treat-Bag/dp/B014V4V9WI/ref=sr_1_9?__mk_es_MX=%C3%85M%C3%85%C5%BD%C3%95%C3%91&crid=3U4HJF8FHC2PN&keywords=Whistle+GO&qid=1645669330&refinements=p_72%3A7073863011&rnid=7073859011&s=pet-supplies&sprefix=smart+collar%2Cpets%2C176&sr=1-9
Whistle GO,"Chuckit! Fetch Ball Medley Trio, pequeño, Paquete de 3",313.99,https://www.amazon.com.mx//Canine-Hardware-Chuckit-Medley-3-Pack/dp/B005Y16ND8/ref=sr_1_10?__mk_es_MX=%C3%85M%C3%85%C5%BD%C3%95%C3%91&crid=3U4HJF8FHC2PN&keywords=Whistle+GO&qid=1645669330&refinements=p_72%3A7073863011&rnid=7073859011&s=pet-supplies&sprefix=smart+collar%2Cpets%2C176&sr=1-10
Whistle GO,"Silbato de entrenamiento para perros, silbatos para perros disuasión de entrenamiento para perros 3 uds. Silbato para entrenamiento de perros clicker para entrenamiento de mascotas cordón gratuito",229.0,https://www.amazon.com.mx//entrenamiento-silbatos-disuasi%C3%B3n-mascotas-gratuito/dp/B07KP6CDLX/ref=sr_1_11?__mk_es_MX=%C3%85M%C3%85%C5%BD%C3%95%C3%91&crid=3U4HJF8FHC2PN&keywords=Whistle+GO&qid=1645669330&refinements=p_72%3A7073863011&rnid=7073859011&s=pet-supplies&sprefix=smart+collar%2Cpets%2C176&sr=1-11
Whistle GO,BLUETREE Dog Doorbells Premium Quality Training Potty Great Dog Bells Adjustable Door Bell Dog Bells for Potty Training Your Puppy The Easy Way - Premium Quality - 7 Extra Large Loud 1.4 DoorBells,495.51,https://www.amazon.com.mx//Doorbells-Premium-Quality-Training-Adjustable/dp/B01KG9WMWI/ref=sr_1_12?__mk_es_MX=%C3%85M%C3%85%C5%BD%C3%95%C3%91&crid=3U4HJF8FHC2PN&keywords=Whistle+GO&qid=1645669330&refinements=p_72%3A7073863011&rnid=7073859011&s=pet-supplies&sprefix=smart+collar%2Cpets%2C176&sr=1-12
Whistle GO,"Little Live Pets - Lil' Bird & Bird House: Princesa Polly | Casas de pájaros conectables, Nuevas Cabezas de pájaros en Movimiento con más de 20 Sonidos, y reacciona al Tacto",347.45,https://www.amazon.com.mx//Little-Live-Pets-Princess-Linkable/dp/B08S3PK1BW/ref=sr_1_13?__mk_es_MX=%C3%85M%C3%85%C5%BD%C3%95%C3%91&crid=3U4HJF8FHC2PN&keywords=Whistle+GO&qid=1645669330&refinements=p_72%3A7073863011&rnid=7073859011&s=pet-supplies&sprefix=smart+collar%2Cpets%2C176&sr=1-13
Whistle GO,TREATPOD - Soporte para correa y clickers de entrenamiento (azul/negro) - Contenedor portátil y clickers con correas de muñeca paquete de entrenamiento,143.65,https://www.amazon.com.mx//TreatPod-Entrenamiento-contenedor-port%C3%A1til-clickers/dp/B07S5JBBZZ/ref=sr_1_14?__mk_es_MX=%C3%85M%C3%85%C5%BD%C3%95%C3%91&crid=3U4HJF8FHC2PN&keywords=Whistle+GO&qid=1645669330&refinements=p_72%3A7073863011&rnid=7073859011&s=pet-supplies&sprefix=smart+collar%2Cpets%2C176&sr=1-14
Whistle GO,"PUBAMALL Bolsa de Regalo para Perros para Entrenamiento, Mascota Perro pequeño Cebo Titular (L, Negro)",169.0,https://www.amazon.com.mx//PUBAMALL-Entrenamiento-Mascota-peque%C3%B1o-Titular/dp/B07TX4Q5JG/ref=sr_1_15?__mk_es_MX=%C3%85M%C3%85%C5%BD%C3%95%C3%91&crid=3U4HJF8FHC2PN&keywords=Whistle+GO&qid=1645669330&refinements=p_72%3A7073863011&rnid=7073859011&s=pet-supplies&smid=A24PZH8WZ9VSNO&sprefix=smart+collar%2Cpets%2C176&sr=1-15
Whistle GO,"Chuckit! Ultra Ball, Anaranjado, Mediana, 2.5 pulgadas, 2 piezas",313.99,https://www.amazon.com.mx//Chuckit-Anaranjado-Mediana-pulgadas-piezas/dp/B000F4AVPA/ref=sr_1_16?__mk_es_MX=%C3%85M%C3%85%C5%BD%C3%95%C3%91&crid=3U4HJF8FHC2PN&keywords=Whistle+GO&qid=1645669330&refinements=p_72%3A7073863011&rnid=7073859011&s=pet-supplies&sprefix=smart+collar%2Cpets%2C176&sr=1-16
Whistle GO,"Chuckit! Fetch & Fold - Juego de Lanzador de Bolas, Multicolor",243.58,https://www.amazon.com.mx//Chuckit-Fetch-Fold-Lanzador-Multicolor/dp/B08C3X6Y2F/ref=sr_1_17?__mk_es_MX=%C3%85M%C3%85%C5%BD%C3%95%C3%91&crid=3U4HJF8FHC2PN&keywords=Whistle+GO&qid=1645669330&refinements=p_72%3A7073863011&rnid=7073859011&s=pet-supplies&sprefix=smart+collar%2Cpets%2C176&sr=1-17
Whistle GO,"MASCRETTA Arnés / Pechera para Perro. No Daña el Cuello de tu Mascota. Excelente para Pasear. Collar Deportivo con Bandas de Luz Reflejantes para Cualquier Raza. Talla S, M, o G. (Grande, Negro)",399.99,https://www.amazon.com.mx//Mascretta-Reflejantes-Visibilidad-Nocturnos-Disponible/dp/B07L1F2WCK/ref=sr_1_18?__mk_es_MX=%C3%85M%C3%85%C5%BD%C3%95%C3%91&crid=3U4HJF8FHC2PN&keywords=Whistle+GO&qid=1645669330&refinements=p_72%3A7073863011&rnid=7073859011&s=pet-supplies&sprefix=smart+collar%2Cpets%2C176&sr=1-18
Whistle GO,"Juguetes para perro, juguete para cachorro, juguete interactivo de peluche y cuerda duradera para perros pequeños, medianos",289.8,https://www.amazon.com.mx//Juguetes-cachorro-interactivo-duradera-peque%C3%B1os/dp/B08S31BHGV/ref=sr_1_19?__mk_es_MX=%C3%85M%C3%85%C5%BD%C3%95%C3%91&crid=3U4HJF8FHC2PN&keywords=Whistle+GO&qid=1645669330&refinements=p_72%3A7073863011&rnid=7073859011&s=pet-supplies&sprefix=smart+collar%2Cpets%2C176&sr=1-19
Whistle GO,"Chuckit! Kick Fetch Pelota de Juguete para Perros, Multicolor, Una Talla",523.79,https://www.amazon.com.mx//Chuckit-Large-Kick-Fetch-Ball/dp/B0084DRJKO/ref=sr_1_20?__mk_es_MX=%C3%85M%C3%85%C5%BD%C3%95%C3%91&crid=3U4HJF8FHC2PN&keywords=Whistle+GO&qid=1645669330&refinements=p_72%3A7073863011&rnid=7073859011&s=pet-supplies&sprefix=smart+collar%2Cpets%2C176&sr=1-20
Whistle GO,"Ruconla - Paquete de 4 clicker de entrenamiento para perros con correa de muñeca, juego de clicker para entrenamiento de mascotas",572.11,https://www.amazon.com.mx//Ruconla-Paquete-clicker-entrenamiento-mascotas/dp/B07GLS5M96/ref=sr_1_21?__mk_es_MX=%C3%85M%C3%85%C5%BD%C3%95%C3%91&crid=3U4HJF8FHC2PN&keywords=Whistle+GO&qid=1645669330&refinements=p_72%3A7073863011&rnid=7073859011&s=pet-supplies&sprefix=smart+collar%2Cpets%2C176&sr=1-21
Whistle GO,"SportDOG Brand SportTrainer - Entrenador remoto de hasta 3 3/4 millas de alcance, impermeable, cuello electrónico con estática, vibración y tono, recargable, Rango de 3/4 millas, 6 perros expandibles., Anaranjado",256.37,https://www.amazon.com.mx//SportDOG-Zapatillas-Deportivas-visualizaci%C3%B3n-Expandibles/dp/B077PZF7H5/ref=sr_1_22?__mk_es_MX=%C3%85M%C3%85%C5%BD%C3%95%C3%91&crid=3U4HJF8FHC2PN&keywords=Whistle+GO&qid=1645669330&refinements=p_72%3A7073863011&rnid=7073859011&s=pet-supplies&sprefix=smart+collar%2Cpets%2C176&sr=1-22
Whistle GO,"Chuckit! Lanzador de Pelotas Deportivas, pequeño (25 Pulgadas), Varios Colores",371.93,https://www.amazon.com.mx//Chuckit-Sport-Launcher-Colors-Anaranjado/dp/B06XJ34N6Y/ref=sr_1_23?__mk_es_MX=%C3%85M%C3%85%C5%BD%C3%95%C3%91&crid=3U4HJF8FHC2PN&keywords=Whistle+GO&qid=1645669330&refinements=p_72%3A7073863011&rnid=7073859011&s=pet-supplies&sprefix=smart+collar%2Cpets%2C176&sr=1-23
Whistle GO,Beco Beco Dog Ball - Eco Friendly Natural Rubber Hollow Chew Toy for Dogs - Extra Strong - Large - Pink,282.54,https://www.amazon.com.mx//Beco-Dog-Ball-Friendly-Natural/dp/B00H3BS3CG/ref=sr_1_24?__mk_es_MX=%C3%85M%C3%85%C5%BD%C3%95%C3%91&crid=3U4HJF8FHC2PN&keywords=Whistle+GO&qid=1645669330&refinements=p_72%3A7073863011&rnid=7073859011&s=pet-supplies&sprefix=smart+collar%2Cpets%2C176&sr=1-24
Link AKC Smart Collar,"Rastreador de perros Tractive LTE GPS – rastreador de localización y actividad para perros con alcance ilimitado (nuevo modelo), beige (TRNJA4)",1251.06,https://www.amazon.com.mx//Tractive-Rastreador-Perros-LTE-GPS/dp/B08C5DQ2MP/ref=sr_1_1?__mk_es_MX=%C3%85M%C3%85%C5%BD%C3%95%C3%91&crid=3U4HJF8FHC2PN&keywords=Link+AKC+Smart+Collar&qid=1645669337&refinements=p_72%3A7073863011&rnid=7073859011&s=pet-supplies&sprefix=smart+collar%2Cpets%2C176&sr=1-1
Link AKC Smart Collar,"Collar de cadena de oro para perro con hebilla de cierre seguro, chapado en oro de 18 quilates, 20 unidades más gruesas, diamantes de circonita cúbica de 19 mm, collar de eslabones cubanos, resistente a la masticación, collar de cadena para perros medianos y grandes",5304.81,https://www.amazon.com.mx//diamantes-circonita-eslabones-resistente-masticaci%C3%B3n/dp/B097SJWBY5/ref=sr_1_2?__mk_es_MX=%C3%85M%C3%85%C5%BD%C3%95%C3%91&crid=3U4HJF8FHC2PN&keywords=Link+AKC+Smart+Collar&qid=1645669337&refinements=p_72%3A7073863011&rnid=7073859011&s=pet-supplies&sprefix=smart+collar%2Cpets%2C176&sr=1-2
Link AKC Smart Collar,"Garmin Astro 900 - Collar de Perro para Seguimiento de Perros, GPS para hasta 20 Perros, Solo Dispositivo para Perros",235.82,https://www.amazon.com.mx//Garmin-Sistema-Seguimiento-Deportivo-Dispositivo/dp/B07GNZ24VD/ref=sr_1_3?__mk_es_MX=%C3%85M%C3%85%C5%BD%C3%95%C3%91&crid=3U4HJF8FHC2PN&keywords=Link+AKC+Smart+Collar&qid=1645669337&refinements=p_72%3A7073863011&rnid=7073859011&s=pet-supplies&sprefix=smart+collar%2Cpets%2C176&sr=1-3&ufe=app_do%3Aamzn1.fos.d6a47de5-06cb-4416-9abc-48deac71c815
Link AKC Smart Collar,PETFON PET Tracker Etiqueta especial de identificación (solo para PETFON),2263.896666666667,https://www.amazon.com.mx//PETFON-Tracker-Etiqueta-especial-identificaci%C3%B3n/dp/B09BVK8JWW/ref=sr_1_4?__mk_es_MX=%C3%85M%C3%85%C5%BD%C3%95%C3%91&crid=3U4HJF8FHC2PN&keywords=Link+AKC+Smart+Collar&qid=1645669337&refinements=p_72%3A7073863011&rnid=7073859011&s=pet-supplies&sprefix=smart+collar%2Cpets%2C176&sr=1-4
Link AKC Smart Collar,GoodBoy Collar de entrenamiento para perros con mando a distancia GB812 receptor adicional de repuesto,2263.896666666667,https://www.amazon.com.mx//GoodBoy-entrenamiento-distancia-receptor-adicional/dp/B07MF2Q31R/ref=sr_1_5?__mk_es_MX=%C3%85M%C3%85%C5%BD%C3%95%C3%91&crid=3U4HJF8FHC2PN&keywords=Link+AKC+Smart+Collar&qid=1645669337&refinements=p_72%3A7073863011&rnid=7073859011&s=pet-supplies&sprefix=smart+collar%2Cpets%2C176&sr=1-5
Pawscout Smarter Pet Tag,"DYNOTAG Web Enabled Super Pet ID Smart Tag. Deluxe Coated Steel, with DynoIQ & Lifetime Recovery Service. Fun Series (Red: Oh Crap, I'm Lost)",519.36,https://www.amazon.com.mx//DYNOTAG-Enabled-Lifetime-Recovery-Service/dp/B01DK7T7KS/ref=sr_1_1?__mk_es_MX=%C3%85M%C3%85%C5%BD%C3%95%C3%91&crid=3U4HJF8FHC2PN&keywords=Pawscout+Smarter+Pet+Tag&qid=1645669343&refinements=p_72%3A7073863011&rnid=7073859011&s=pet-supplies&sprefix=smart+collar%2Cpets%2C176&sr=1-1
Pawscout Smarter Pet Tag,"Dynotag Web Enabled Smart Round Coated Metal ID Tag and Ring. Pet Tag, Property Tag - Multiple Uses, with DynoIQ & Lifetime Recovery Service.",487.98,https://www.amazon.com.mx//Dynotag-Enabled-Smart-Coated-Property/dp/B0060UXFBA/ref=sr_1_2?__mk_es_MX=%C3%85M%C3%85%C5%BD%C3%95%C3%91&crid=3U4HJF8FHC2PN&keywords=Pawscout+Smarter+Pet+Tag&qid=1645669343&refinements=p_72%3A7073863011&rnid=7073859011&s=pet-supplies&sprefix=smart+collar%2Cpets%2C176&sr=1-2
Pawscout Smarter Pet Tag,"Rastreador de perros Tractive LTE GPS – rastreador de localización y actividad para perros con alcance ilimitado (nuevo modelo), beige (TRNJA4)",1251.06,https://www.amazon.com.mx//Tractive-Rastreador-Perros-LTE-GPS/dp/B08C5DQ2MP/ref=sr_1_3?__mk_es_MX=%C3%85M%C3%85%C5%BD%C3%95%C3%91&crid=3U4HJF8FHC2PN&keywords=Pawscout+Smarter+Pet+Tag&qid=1645669343&refinements=p_72%3A7073863011&rnid=7073859011&s=pet-supplies&sprefix=smart+collar%2Cpets%2C176&sr=1-3
Pawscout Smarter Pet Tag,"Microchip para Mascotas Perros y Gatos - con Pasaporte, Certificado y Placa Inteligente - Kit de Viaje",780.0,https://www.amazon.com.mx//Microchip-para-Mascotas-Perros-Gatos/dp/B09F97Y5HR/ref=sr_1_4?__mk_es_MX=%C3%85M%C3%85%C5%BD%C3%95%C3%91&crid=3U4HJF8FHC2PN&keywords=Pawscout+Smarter+Pet+Tag&qid=1645669343&refinements=p_72%3A7073863011&rnid=7073859011&s=pet-supplies&sprefix=smart+collar%2Cpets%2C176&sr=1-4
Pawscout Smarter Pet Tag,"DISONTAG Placas para Perros,Placa para Perros Personalizadas,Placas para Mascotas,Placa De Identificacion Perros,18 Patrones Realistas, Pantalla De Información única | Modificable",339.0,https://www.amazon.com.mx//DISONTAG-identificaci%C3%B3n-inteligente-almacenar-informaci%C3%B3n/dp/B085VJ3TGQ/ref=sr_1_5?__mk_es_MX=%C3%85M%C3%85%C5%BD%C3%95%C3%91&crid=3U4HJF8FHC2PN&keywords=Pawscout+Smarter+Pet+Tag&qid=1645669343&refinements=p_72%3A7073863011&rnid=7073859011&s=pet-supplies&sprefix=smart+collar%2Cpets%2C176&sr=1-5
Pawscout Smarter Pet Tag,"AUEAR, paquete de 10 etiquetas de identificación para mascotas, nombre de dirección, número de teléfono celular, etiquetas de acero inoxidable personalizadas para perros y gatos, pequeñas etiquetas de identificación de animales, tubo de barril antipérdida.",259.99,https://www.amazon.com.mx//AUEAR-identificaci%C3%B3n-inoxidable-personalizadas-antip%C3%A9rdida/dp/B07X8R3425/ref=sr_1_6?__mk_es_MX=%C3%85M%C3%85%C5%BD%C3%95%C3%91&crid=3U4HJF8FHC2PN&keywords=Pawscout+Smarter+Pet+Tag&qid=1645669343&refinements=p_72%3A7073863011&rnid=7073859011&s=pet-supplies&sprefix=smart+collar%2Cpets%2C176&sr=1-6
Pawscout Smarter Pet Tag,Placa de identificación para mascotas QR,349.0,https://www.amazon.com.mx//Placa-identificaci%C3%B3n-para-mascotas-QR/dp/B08MFPRKP4/ref=sr_1_7?__mk_es_MX=%C3%85M%C3%85%C5%BD%C3%95%C3%91&crid=3U4HJF8FHC2PN&keywords=Pawscout+Smarter+Pet+Tag&qid=1645669343&refinements=p_72%3A7073863011&rnid=7073859011&s=pet-supplies&sprefix=smart+collar%2Cpets%2C176&sr=1-7
Pawscout Smarter Pet Tag,"Sichy Funda protectora de silicona para Apple Airtag GPS Buscador de collar de perro gato, soporte de bucle para Air_tag, para localizador de Apple, dispositivo antipérdida (rojo vino/arena rosa)",811.78,https://www.amazon.com.mx//Sichy-protectora-silicona-dispositivo-Anti-Perdida/dp/B095YRHQKH/ref=sr_1_8?__mk_es_MX=%C3%85M%C3%85%C5%BD%C3%95%C3%91&crid=3U4HJF8FHC2PN&keywords=Pawscout+Smarter+Pet+Tag&qid=1645669343&refinements=p_72%3A7073863011&rnid=7073859011&s=pet-supplies&sprefix=smart+collar%2Cpets%2C176&sr=1-8
Pawscout Smarter Pet Tag,"ID Mascotas: Identificación Digital con código QR para Mascotas, Plaquita Digital para Perro, Razas Medianas y Grandes, Placa De Identificación Perros de Aluminio inoxidable. (Plata)",334.46,https://www.amazon.com.mx//ID-Mascotas-Identificaci%C3%B3n-Plaquita-inoxidable/dp/B098RDRF43/ref=sr_1_9?__mk_es_MX=%C3%85M%C3%85%C5%BD%C3%95%C3%91&crid=3U4HJF8FHC2PN&keywords=Pawscout+Smarter+Pet+Tag&qid=1645669343&refinements=p_72%3A7073863011&rnid=7073859011&s=pet-supplies&sprefix=smart+collar%2Cpets%2C176&sr=1-9
Pawscout Smarter Pet Tag,"IVIA - Clips para identificación de mascotas, varios tamaños de acero inoxidable 304 con anillos, fácil de cambiar, para collares y arneses para perros pequeños, medianos y grandes",329.0,https://www.amazon.com.mx//IVIA-Inoxidable-identificaci%C3%B3n-Anillos-Collares/dp/B07P7CPR8P/ref=sr_1_10?__mk_es_MX=%C3%85M%C3%85%C5%BD%C3%95%C3%91&crid=3U4HJF8FHC2PN&keywords=Pawscout+Smarter+Pet+Tag&qid=1645669343&refinements=p_72%3A7073863011&rnid=7073859011&s=pet-supplies&sprefix=smart+collar%2Cpets%2C176&sr=1-10
Pawscout Smarter Pet Tag,"Platinum Pets - Etiqueta para perro y gato, diseño de perro y gato",329.0,https://www.amazon.com.mx//Platinum-Pets-Pawsitively-Finder-Peque%C3%B1o/dp/B01MDR6GLI/ref=sr_1_11?__mk_es_MX=%C3%85M%C3%85%C5%BD%C3%95%C3%91&crid=3U4HJF8FHC2PN&keywords=Pawscout+Smarter+Pet+Tag&qid=1645669343&refinements=p_72%3A7073863011&rnid=7073859011&s=pet-supplies&sprefix=smart+collar%2Cpets%2C176&sr=1-11
Pawscout Smarter Pet Tag,"Etiqueta de identificación para mascotas con código QR Enlaces a perfil en línea w/múltiples contactos de emergencia y fotos, escanea QR Enviando correo electrónico de ubicación de mascotas al propietario, etiquetas personalizadas para perros y etiquetas para gatos, aleación de zinc, modificable",495.0,https://www.amazon.com.mx//identificaci%C3%B3n-electr%C3%B3nico-propietario-personalizadas-modificable/dp/B09DYR5WN4/ref=sr_1_12?__mk_es_MX=%C3%85M%C3%85%C5%BD%C3%95%C3%91&crid=3U4HJF8FHC2PN&keywords=Pawscout+Smarter+Pet+Tag&qid=1645669343&refinements=p_72%3A7073863011&rnid=7073859011&s=pet-supplies&sprefix=smart+collar%2Cpets%2C176&sr=1-12
Pawscout Smarter Pet Tag,Nandana Collar de Perro Ajustable para Mascotas - Amarillo y Morado - Talla L,469.0,https://www.amazon.com.mx//gp/slredirect/picassoRedirect.html/ref=pa_sp_mtf_pets_sr_pg1_1?ie=UTF8&adId=A078375914LOAA2YB50W7&url=%2FNandana-Collar-Perro-Ajustable-Mascotas%2Fdp%2FB08FNN422R%2Fref%3Dsr_1_13_sspa%3F__mk_es_MX%3D%25C3%2585M%25C3%2585%25C5%25BD%25C3%2595%25C3%2591%26crid%3D3U4HJF8FHC2PN%26keywords%3DPawscout%2BSmarter%2BPet%2BTag%26qid%3D1645669343%26refinements%3Dp_72%253A7073863011%26rnid%3D7073859011%26s%3Dpet-supplies%26sprefix%3Dsmart%2Bcollar%252Cpets%252C176%26sr%3D1-13-spons%26psc%3D1&qualifier=1645669343&id=1063563480479436&widgetName=sp_mtf
Pawscout Smarter Pet Tag,"ibo Collar para Perros 3M Reflectante, Ajustable y con Cápsula de Identificación. Collar para Perros Chicos, Medianos y Grandes. Excelente Visibilidad Nocturna. Disponible en Varios Colores",450.0,https://www.amazon.com.mx//gp/slredirect/picassoRedirect.html/ref=pa_sp_mtf_pets_sr_pg1_1?ie=UTF8&adId=A06565511P9AI8ZU8N21&url=%2FIBO-Reflectivo-Ajustable-Etiqueta-Identificaci%25C3%25B3n%2Fdp%2FB07KYD9JGC%2Fref%3Dsr_1_14_sspa%3F__mk_es_MX%3D%25C3%2585M%25C3%2585%25C5%25BD%25C3%2595%25C3%2591%26crid%3D3U4HJF8FHC2PN%26keywords%3DPawscout%2BSmarter%2BPet%2BTag%26qid%3D1645669343%26refinements%3Dp_72%253A7073863011%26rnid%3D7073859011%26s%3Dpet-supplies%26sprefix%3Dsmart%2Bcollar%252Cpets%252C176%26sr%3D1-14-spons%26psc%3D1&qualifier=1645669343&id=1063563480479436&widgetName=sp_mtf
Pawscout Smarter Pet Tag,"Mezcladora Flexible Para Fregadero Con Llave Circular, Grifo para Fregadero, Llave para Fregadero, En Acabado Plateado. Material Acero Inoxidable y Zinc. Fácil de instalar.",738.41,https://www.amazon.com.mx//gp/slredirect/picassoRedirect.html/ref=pa_sp_mtf_pets_sr_pg1_1?ie=UTF8&adId=A06997401WILF7YJHMINV&url=%2FMezcladora-Fregadero-Plateado-Inoxidable-instalar%2Fdp%2FB0912BS911%2Fref%3Dsr_1_15_sspa%3F__mk_es_MX%3D%25C3%2585M%25C3%2585%25C5%25BD%25C3%2595%25C3%2591%26crid%3D3U4HJF8FHC2PN%26keywords%3DPawscout%2BSmarter%2BPet%2BTag%26qid%3D1645669343%26refinements%3Dp_72%253A7073863011%26rnid%3D7073859011%26s%3Dpet-supplies%26sprefix%3Dsmart%2Bcollar%252Cpets%252C176%26sr%3D1-15-spons%26psc%3D1&qualifier=1645669343&id=1063563480479436&widgetName=sp_mtf
Pawscout Smarter Pet Tag,Prizi Paw Premio Entrenador y Educador para Compartir con Tu Perro. Bote de 1000gr con 50 Galletas,1810.23,https://www.amazon.com.mx//Prizi-Paw-Entrenador-Educador-Compartir/dp/B08NXXH94V/ref=sr_1_16?__mk_es_MX=%C3%85M%C3%85%C5%BD%C3%95%C3%91&crid=3U4HJF8FHC2PN&keywords=Pawscout+Smarter+Pet+Tag&qid=1645669343&refinements=p_72%3A7073863011&rnid=7073859011&s=pet-supplies&sprefix=smart+collar%2Cpets%2C176&sr=1-16
Pawscout Smarter Pet Tag,Etiquetas para perros – Etiqueta de perro pequeño y etiqueta de gato – Etiqueta de identificación de mascota – Etiquetas para mascotas escaneables para ubicación – Etiqueta de identificación de gato y etiqueta de identificación de perro con perfil en línea – Etiquetas divertidas para perros – Etiquetas para tus mascotas,1058.94,https://www.amazon.com.mx//Etiquetas-para-perros-identificaci%C3%B3n-escaneables/dp/B092FQ25LF/ref=sr_1_17?__mk_es_MX=%C3%85M%C3%85%C5%BD%C3%95%C3%91&crid=3U4HJF8FHC2PN&keywords=Pawscout+Smarter+Pet+Tag&qid=1645669343&refinements=p_72%3A7073863011&rnid=7073859011&s=pet-supplies&sprefix=smart+collar%2Cpets%2C176&sr=1-17
Pawscout Smarter Pet Tag,"Dog Collar Holder for AirTag Silicone Protective Tracker Cover Compatible with AirTags 2021 for Pet Cat Collar, Keys, Luggage, Backpacks and Children's Schoolbag(4 Pack)",858.0,https://www.amazon.com.mx//Protective-Compatible-Backpacks-Childrens-Schoolbag/dp/B09F8M8BHM/ref=sr_1_18?__mk_es_MX=%C3%85M%C3%85%C5%BD%C3%95%C3%91&crid=3U4HJF8FHC2PN&keywords=Pawscout+Smarter+Pet+Tag&qid=1645669343&refinements=p_72%3A7073863011&rnid=7073859011&s=pet-supplies&sprefix=smart+collar%2Cpets%2C176&sr=1-18
Pawscout Smarter Pet Tag,High Tech Pet Micro Sonic 5 Collar Resistente al Agua con transmisor Digital MS-5,535.0,https://www.amazon.com.mx//High-Tech-Pet-Water-Resistant-MS-5/dp/B00B8Y62BI/ref=sr_1_19?__mk_es_MX=%C3%85M%C3%85%C5%BD%C3%95%C3%91&crid=3U4HJF8FHC2PN&keywords=Pawscout+Smarter+Pet+Tag&qid=1645669343&refinements=p_72%3A7073863011&rnid=7073859011&s=pet-supplies&sprefix=smart+collar%2Cpets%2C176&sr=1-19
Pawscout Smarter Pet Tag,PetSafe Pawz Away Mini Add-a-Barrier,998.0,https://www.amazon.com.mx//PetSafe-Pawz-Away-Mini-Add-a-Barrier/dp/B00CWR8786/ref=sr_1_20?__mk_es_MX=%C3%85M%C3%85%C5%BD%C3%95%C3%91&crid=3U4HJF8FHC2PN&keywords=Pawscout+Smarter+Pet+Tag&qid=1645669343&refinements=p_72%3A7073863011&rnid=7073859011&s=pet-supplies&sprefix=smart+collar%2Cpets%2C176&sr=1-20
Pawscout Smarter Pet Tag,Garmin T5 GPS Collar para Perro,848.3,https://www.amazon.com.mx//Garmin-T5-GPS-collar-de-perro/dp/B00L3C5EDC/ref=sr_1_21?__mk_es_MX=%C3%85M%C3%85%C5%BD%C3%95%C3%91&crid=3U4HJF8FHC2PN&keywords=Pawscout+Smarter+Pet+Tag&qid=1645669343&refinements=p_72%3A7073863011&rnid=7073859011&s=pet-supplies&sprefix=smart+collar%2Cpets%2C176&sr=1-21
Pawscout Smarter Pet Tag,GoTags Pet ID Etiquetas personalizadas para mascotas para perros y gatos. Grabado en la parte delantera y trasera. Varios colores y tamaños. Aluminio anodizado. Forma de hueso pequeña.,998.0,https://www.amazon.com.mx//GoTags-Pet-ID-Personalized-Bone/dp/B071KZQ9KB/ref=sr_1_22?__mk_es_MX=%C3%85M%C3%85%C5%BD%C3%95%C3%91&crid=3U4HJF8FHC2PN&keywords=Pawscout+Smarter+Pet+Tag&qid=1645669343&refinements=p_72%3A7073863011&rnid=7073859011&s=pet-supplies&sprefix=smart+collar%2Cpets%2C176&sr=1-22
Pawscout Smarter Pet Tag,Dynotag Web habilitado Super Pet ID etiqueta inteligente con DynoIQ y servicio de recuperación de por vida. Play Series: hueso (tormenta de hueso),253.3,https://www.amazon.com.mx//habilitado-etiqueta-inteligente-servicio-recuperaci%C3%B3n/dp/B0778G9KHH/ref=sr_1_23?__mk_es_MX=%C3%85M%C3%85%C5%BD%C3%95%C3%91&crid=3U4HJF8FHC2PN&keywords=Pawscout+Smarter+Pet+Tag&qid=1645669343&refinements=p_72%3A7073863011&rnid=7073859011&s=pet-supplies&sprefix=smart+collar%2Cpets%2C176&sr=1-23
Pawscout Smarter Pet Tag,Dynotag Web Enabled Super Pet ID Smart Tag con DynoIQ & Lifetime Recovery Service. Play Serie: Acero revestido de lujo - Corazón (OMG Lost),298.0,https://www.amazon.com.mx//Dynotag-Enabled-DynoIQ-Servicio-recuperaci%C3%B3n/dp/B07789GJFT/ref=sr_1_24?__mk_es_MX=%C3%85M%C3%85%C5%BD%C3%95%C3%91&crid=3U4HJF8FHC2PN&keywords=Pawscout+Smarter+Pet+Tag&qid=1645669343&refinements=p_72%3A7073863011&rnid=7073859011&s=pet-supplies&sprefix=smart+collar%2Cpets%2C176&sr=1-24
Pawscout Smarter Pet Tag,Dynotag Etiqueta inteligente para identificación de mascotas con DynoIQ y servicio de recuperación de por vida. Play Series: Redondo (Keep Calm),998.0,https://www.amazon.com.mx//Dynotag-Enabled-DynoIQ-Servicio-recuperaci%C3%B3n/dp/B0778LBTZB/ref=sr_1_25?__mk_es_MX=%C3%85M%C3%85%C5%BD%C3%95%C3%91&crid=3U4HJF8FHC2PN&keywords=Pawscout+Smarter+Pet+Tag&qid=1645669343&refinements=p_72%3A7073863011&rnid=7073859011&s=pet-supplies&sprefix=smart+collar%2Cpets%2C176&sr=1-25
Pawscout Smarter Pet Tag,"DYNOTAG Web Enabled Super Pet ID Smart Tag. Deluxe Coated Steel, with DynoIQ & Lifetime Recovery Service. Fun Series (Blue: See Reverse To Contact My Parents)",599.0,https://www.amazon.com.mx//DYNOTAG-Enabled-Lifetime-Recovery-Service/dp/B01DK7T7N0/ref=sr_1_26?__mk_es_MX=%C3%85M%C3%85%C5%BD%C3%95%C3%91&crid=3U4HJF8FHC2PN&keywords=Pawscout+Smarter+Pet+Tag&qid=1645669343&refinements=p_72%3A7073863011&rnid=7073859011&s=pet-supplies&sprefix=smart+collar%2Cpets%2C176&sr=1-26
Pawscout Smarter Pet Tag,SynergyLabs Dental Fresh Original Formula for Dogs and Cats; 17 fl. oz.,661.4542307692308,https://www.amazon.com.mx//SynergyLabs-Dental-Fresh-Original-Formula/dp/B0002DIO3A/ref=sr_1_27?__mk_es_MX=%C3%85M%C3%85%C5%BD%C3%95%C3%91&crid=3U4HJF8FHC2PN&keywords=Pawscout+Smarter+Pet+Tag&qid=1645669343&refinements=p_72%3A7073863011&rnid=7073859011&s=pet-supplies&sprefix=smart+collar%2Cpets%2C176&sr=1-27
Pawscout Smarter Pet Tag,"Mezcladora Flexible Para Fregadero Monomando Con Bonito Acabado Cromado, Grifo flexible para fregadero, Llave flexible para fregadero. Material Acero Inoxidable Y Zinc.",661.4542307692308,https://www.amazon.com.mx//gp/slredirect/picassoRedirect.html/ref=pa_sp_btf_pets_sr_pg1_1?ie=UTF8&adId=A06967523DX9ZPC29QU38&url=%2FMezcladora-Fregadero-Monomando-fregadero-Inoxidable%2Fdp%2FB08XVTQ31K%2Fref%3Dsr_1_28_sspa%3F__mk_es_MX%3D%25C3%2585M%25C3%2585%25C5%25BD%25C3%2595%25C3%2591%26crid%3D3U4HJF8FHC2PN%26keywords%3DPawscout%2BSmarter%2BPet%2BTag%26qid%3D1645669343%26refinements%3Dp_72%253A7073863011%26rnid%3D7073859011%26s%3Dpet-supplies%26sprefix%3Dsmart%2Bcollar%252Cpets%252C176%26sr%3D1-28-spons%26psc%3D1&qualifier=1645669343&id=1063563480479436&widgetName=sp_btf
Pawscout Smarter Pet Tag,Juego de Accesorios para Baño 6 Piezas Color Oro Rosa,661.4542307692308,https://www.amazon.com.mx//gp/slredirect/picassoRedirect.html/ref=pa_sp_btf_pets_sr_pg1_1?ie=UTF8&adId=A067974916VCREU4P4EI6&url=%2FJuego-Accesorios-para-Piezas-Color%2Fdp%2FB01ABOS4G6%2Fref%3Dsr_1_29_sspa%3F__mk_es_MX%3D%25C3%2585M%25C3%2585%25C5%25BD%25C3%2595%25C3%2591%26crid%3D3U4HJF8FHC2PN%26keywords%3DPawscout%2BSmarter%2BPet%2BTag%26qid%3D1645669343%26refinements%3Dp_72%253A7073863011%26rnid%3D7073859011%26s%3Dpet-supplies%26sprefix%3Dsmart%2Bcollar%252Cpets%252C176%26sr%3D1-29-spons%26psc%3D1&qualifier=1645669343&id=1063563480479436&widgetName=sp_btf
Pawscout Smarter Pet Tag,Juego De Accesorios para Baño 6 Piezas Color Dorado,661.4542307692308,https://www.amazon.com.mx//gp/slredirect/picassoRedirect.html/ref=pa_sp_btf_pets_sr_pg1_1?ie=UTF8&adId=A06798372Z9GD23SMZIBC&url=%2FJuego-Accesorios-Piezas-Color-Dorado%2Fdp%2FB09K9CX942%2Fref%3Dsr_1_30_sspa%3F__mk_es_MX%3D%25C3%2585M%25C3%2585%25C5%25BD%25C3%2595%25C3%2591%26crid%3D3U4HJF8FHC2PN%26keywords%3DPawscout%2BSmarter%2BPet%2BTag%26qid%3D1645669343%26refinements%3Dp_72%253A7073863011%26rnid%3D7073859011%26s%3Dpet-supplies%26sprefix%3Dsmart%2Bcollar%252Cpets%252C176%26sr%3D1-30-spons%26psc%3D1&qualifier=1645669343&id=1063563480479436&widgetName=sp_btf
Pawscout Smarter Pet Tag,"Bomba De Agua Sumergible, Bomba para Fuente, Bomba Sumergible ,Capacidad 800L/H 16W A -23000RPM",661.4542307692308,https://www.amazon.com.mx//gp/slredirect/picassoRedirect.html/ref=pa_sp_btf_pets_sr_pg1_1?ie=UTF8&adId=A069866038R61VXJWNTK2&url=%2FBomba-Sumergible-Fuente-Capacidad-23000RPM%2Fdp%2FB09124C6DC%2Fref%3Dsr_1_31_sspa%3F__mk_es_MX%3D%25C3%2585M%25C3%2585%25C5%25BD%25C3%2595%25C3%2591%26crid%3D3U4HJF8FHC2PN%26keywords%3DPawscout%2BSmarter%2BPet%2BTag%26qid%3D1645669343%26refinements%3Dp_72%253A7073863011%26rnid%3D7073859011%26s%3Dpet-supplies%26sprefix%3Dsmart%2Bcollar%252Cpets%252C176%26sr%3D1-31-spons%26psc%3D1&qualifier=1645669343&id=1063563480479436&widgetName=sp_btf
Pawscout Smarter Pet Tag,"Mezcladora Para Lavabo En Acabado Negro Mate, Grifo para lavabo, Llave de agua para lavabo, Material Acero Inoxidable y Maneral De Zinc. Fácil De Instalar",661.4542307692308,https://www.amazon.com.mx//gp/slredirect/picassoRedirect.html/ref=pa_sp_btf_pets_sr_pg1_1?ie=UTF8&adId=A0671957E9Z7SKDO4HMD&url=%2FMezcladora-Acabado-Material-Inoxidable-Instalar%2Fdp%2FB0912J7CSH%2Fref%3Dsr_1_32_sspa%3F__mk_es_MX%3D%25C3%2585M%25C3%2585%25C5%25BD%25C3%2595%25C3%2591%26crid%3D3U4HJF8FHC2PN%26keywords%3DPawscout%2BSmarter%2BPet%2BTag%26qid%3D1645669343%26refinements%3Dp_72%253A7073863011%26rnid%3D7073859011%26s%3Dpet-supplies%26sprefix%3Dsmart%2Bcollar%252Cpets%252C176%26sr%3D1-32-spons%26psc%3D1&qualifier=1645669343&id=1063563480479436&widgetName=sp_btf
Pawscout Smarter Pet Tag,"Juego De Accesorios Para El Baño De 4 Piezas. Incluye Gancho Colgador, Toallero De Barra, Toallero De Argolla Y Porta Papel.",661.4542307692308,https://www.amazon.com.mx//gp/slredirect/picassoRedirect.html/ref=pa_sp_btf_pets_sr_pg1_1?ie=UTF8&adId=A06970881L56PPK6CF00X&url=%2FAccesorios-Piezas-Incluye-Colgador-Toallero%2Fdp%2FB08XSCLRYZ%2Fref%3Dsr_1_33_sspa%3F__mk_es_MX%3D%25C3%2585M%25C3%2585%25C5%25BD%25C3%2595%25C3%2591%26crid%3D3U4HJF8FHC2PN%26keywords%3DPawscout%2BSmarter%2BPet%2BTag%26qid%3D1645669343%26refinements%3Dp_72%253A7073863011%26rnid%3D7073859011%26s%3Dpet-supplies%26sprefix%3Dsmart%2Bcollar%252Cpets%252C176%26sr%3D1-33-spons%26psc%3D1&qualifier=1645669343&id=1063563480479436&widgetName=sp_btf
PitPat 2 Dog Activity Monitor,Dry Pet Tapete Entrenador para Perro de 14 Piezas,113.0,https://www.amazon.com.mx//gp/slredirect/picassoRedirect.html/ref=pa_sp_atf_pets_sr_pg1_1?ie=UTF8&adId=A04038292GKCVBN8EG57&url=%2FDry-Pet-Tapete-Entrenador-Piezas%2Fdp%2FB018M8AR5O%2Fref%3Dsr_1_1_sspa%3F__mk_es_MX%3D%25C3%2585M%25C3%2585%25C5%25BD%25C3%2595%25C3%2591%26crid%3D3U4HJF8FHC2PN%26keywords%3DPitPat%2B2%2BDog%2BActivity%2BMonitor%26qid%3D1645669350%26rnid%3D7073859011%26s%3Dpet-supplies%26sprefix%3Dsmart%2Bcollar%252Cpets%252C176%26sr%3D1-1-spons%26psc%3D1&qualifier=1645669350&id=2264541000872348&widgetName=sp_atf
PitPat 2 Dog Activity Monitor,Watch Dogs 2,136.36,https://www.amazon.com.mx//Ubisoft-UBP50412037-Watch-Dogs-2/dp/B01GKF824Y/ref=sr_1_2?__mk_es_MX=%C3%85M%C3%85%C5%BD%C3%95%C3%91&crid=3U4HJF8FHC2PN&keywords=PitPat+2+Dog+Activity+Monitor&qid=1645669350&rnid=7073859011&s=pet-supplies&sprefix=smart+collar%2Cpets%2C176&sr=1-2
PitPat 2 Dog Activity Monitor,"Two Dogs Designs Fire Pit Cover, 36-Inch, Black 2D-FP36001, By Two Dogs Design, Includes Level 4 UV Protection",565.45,https://www.amazon.com.mx//Two-Dogs-Designs-2D-FP36001-Protection/dp/B00BF9ILPQ/ref=sr_1_3?__mk_es_MX=%C3%85M%C3%85%C5%BD%C3%95%C3%91&crid=3U4HJF8FHC2PN&keywords=PitPat+2+Dog+Activity+Monitor&qid=1645669350&rnid=7073859011&s=pet-supplies&sprefix=smart+collar%2Cpets%2C176&sr=1-3
PitPat 2 Dog Activity Monitor,PuppyDoc Dog Activity Sun Exposure Tracker Animal Health Care Device White 1ea,2539.77,https://www.amazon.com.mx//PuppyDoc-Dispositivo-cuidado-animales-actividades/dp/B08SM5D6VT/ref=sr_1_4?__mk_es_MX=%C3%85M%C3%85%C5%BD%C3%95%C3%91&crid=3U4HJF8FHC2PN&keywords=PitPat+2+Dog+Activity+Monitor&qid=1645669350&rnid=7073859011&s=pet-supplies&sprefix=smart+collar%2Cpets%2C176&sr=1-4&ufe=app_do%3Aamzn1.fos.8a46d436-f8dd-421d-a49c-494b5d1632c6
PitPat 2 Dog Activity Monitor,"Neater Pet Brands – Neater Raised Slow Feeder Dog Bowl – Elevated and Adjustable Food Height - (Double Diner, Vanilla Bean)",1281.84,https://www.amazon.com.mx//Neater-Pet-Brands-Comedero-vainilla/dp/B07YQ7GXS6/ref=sr_1_5?__mk_es_MX=%C3%85M%C3%85%C5%BD%C3%95%C3%91&crid=3U4HJF8FHC2PN&keywords=PitPat+2+Dog+Activity+Monitor&qid=1645669350&rnid=7073859011&s=pet-supplies&sprefix=smart+collar%2Cpets%2C176&sr=1-5
PitPat 2 Dog Activity Monitor,Dry Pet Tapete Entrenador para Perro de 30 Piezas,293.61,https://www.amazon.com.mx//gp/slredirect/picassoRedirect.html/ref=pa_sp_mtf_pets_sr_pg1_1?ie=UTF8&adId=A04037293MMA9MC685MII&url=%2FDry-Pet-Tapete-Entrenador-Piezas%2Fdp%2FB018M8AR90%2Fref%3Dsr_1_6_sspa%3F__mk_es_MX%3D%25C3%2585M%25C3%2585%25C5%25BD%25C3%2595%25C3%2591%26crid%3D3U4HJF8FHC2PN%26keywords%3DPitPat%2B2%2BDog%2BActivity%2BMonitor%26qid%3D1645669350%26rnid%3D7073859011%26s%3Dpet-supplies%26sprefix%3Dsmart%2Bcollar%252Cpets%252C176%26sr%3D1-6-spons%26psc%3D1&qualifier=1645669350&id=2264541000872348&widgetName=sp_mtf
PitPat 2 Dog Activity Monitor,Dry Pet Tapete Entrenador para Perro de 50 Piezas,473.42,https://www.amazon.com.mx//gp/slredirect/picassoRedirect.html/ref=pa_sp_mtf_pets_sr_pg1_1?ie=UTF8&adId=A02404631TFEQWOQ2FOE6&url=%2FDry-Pet-Tapete-Entrenador-Piezas%2Fdp%2FB0185OQ6VO%2Fref%3Dsr_1_7_sspa%3F__mk_es_MX%3D%25C3%2585M%25C3%2585%25C5%25BD%25C3%2595%25C3%2591%26crid%3D3U4HJF8FHC2PN%26keywords%3DPitPat%2B2%2BDog%2BActivity%2BMonitor%26qid%3D1645669350%26rnid%3D7073859011%26s%3Dpet-supplies%26sprefix%3Dsmart%2Bcollar%252Cpets%252C176%26sr%3D1-7-spons%26psc%3D1&qualifier=1645669350&id=2264541000872348&widgetName=sp_mtf
PitPat 2 Dog Activity Monitor,"Umile Nuevo Juguete de Cuerdas para Perro 4 EN 1, Juguetes para Cachorros. Juguetes para Perros pequeños a medianos (Juego de 4) Cuerdas Interactivas para Entrenamiento. Rope Toys for Dogs.",329.0,https://www.amazon.com.mx//gp/slredirect/picassoRedirect.html/ref=pa_sp_mtf_pets_sr_pg1_1?ie=UTF8&adId=A0338146116EFYWHU5445&url=%2FUmile-Mascotas-Cachorros-Interactivas-entrenamiento%2Fdp%2FB07G9RJ8MR%2Fref%3Dsr_1_8_sspa%3F__mk_es_MX%3D%25C3%2585M%25C3%2585%25C5%25BD%25C3%2595%25C3%2591%26crid%3D3U4HJF8FHC2PN%26keywords%3DPitPat%2B2%2BDog%2BActivity%2BMonitor%26qid%3D1645669350%26rnid%3D7073859011%26s%3Dpet-supplies%26sprefix%3Dsmart%2Bcollar%252Cpets%252C176%26sr%3D1-8-spons%26psc%3D1&qualifier=1645669350&id=2264541000872348&widgetName=sp_mtf
FitBark 2 Dog Activity Monitor,"Whistle Fit - Rastreador de Fitness para Mascotas, Seguimiento de la Salud, nutrición y Actividad, Impermeable, Monitor de Comportamiento, lamer, arañazos, Beber y Dormir, Verde",457.85,https://www.amazon.com.mx//Whistle-GO-Explore-Twist-Go/dp/B07TB5ML3L/ref=sr_1_1?__mk_es_MX=%C3%85M%C3%85%C5%BD%C3%95%C3%91&crid=3U4HJF8FHC2PN&keywords=FitBark+2+Dog+Activity+Monitor&qid=1645669356&refinements=p_72%3A7073863011&rnid=7073859011&s=pet-supplies&sprefix=smart+collar%2Cpets%2C176&sr=1-1
FitBark 2 Dog Activity Monitor,"Bark Appeal Mesh Step in Harness (Small, Raspberry)",1254.21,https://www.amazon.com.mx//Bark-Appeal-Harness-Small-Raspberry/dp/B01H2JPVQY/ref=sr_1_2?__mk_es_MX=%C3%85M%C3%85%C5%BD%C3%95%C3%91&crid=3U4HJF8FHC2PN&keywords=FitBark+2+Dog+Activity+Monitor&qid=1645669356&refinements=p_72%3A7073863011&rnid=7073859011&s=pet-supplies&sprefix=smart+collar%2Cpets%2C176&sr=1-2
FitBark 2 Dog Activity Monitor,"Doggie Don't Don't THE Device- Handheld Bark Deterrent and Training Aid- Loud Patented Sound Stops Barking and Other Unwanted Behaviors- Safe, Humane, No Shock",491.88,https://www.amazon.com.mx//Doggie-Dont-Handheld-Deterrent-Behaviors/dp/B01FE2FYTA/ref=sr_1_3?__mk_es_MX=%C3%85M%C3%85%C5%BD%C3%95%C3%91&crid=3U4HJF8FHC2PN&keywords=FitBark+2+Dog+Activity+Monitor&qid=1645669356&refinements=p_72%3A7073863011&rnid=7073859011&s=pet-supplies&sprefix=smart+collar%2Cpets%2C176&sr=1-3
FitBark 2 Dog Activity Monitor,Side Walker by DogWatch,329.0,https://www.amazon.com.mx//DogWatch-Side-Walker-by/dp/B00RBW21XO/ref=sr_1_4?__mk_es_MX=%C3%85M%C3%85%C5%BD%C3%95%C3%91&crid=3U4HJF8FHC2PN&keywords=FitBark+2+Dog+Activity+Monitor&qid=1645669356&refinements=p_72%3A7073863011&rnid=7073859011&s=pet-supplies&sprefix=smart+collar%2Cpets%2C176&sr=1-4
FitBark 2 Dog Activity Monitor,"OmniPet Adjustable Step in Pet Harness, Large, Raspberry",633.235,https://www.amazon.com.mx//OmniPet-Adjustable-Harness-Large-Raspberry/dp/B071GNPG3B/ref=sr_1_5?__mk_es_MX=%C3%85M%C3%85%C5%BD%C3%95%C3%91&crid=3U4HJF8FHC2PN&keywords=FitBark+2+Dog+Activity+Monitor&qid=1645669356&refinements=p_72%3A7073863011&rnid=7073859011&s=pet-supplies&sprefix=smart+collar%2Cpets%2C176&sr=1-5
FitBark 2 Dog Activity Monitor,"Umile Nuevo Juguete de Cuerdas para Perro 4 EN 1, Juguetes para Cachorros. Juguetes para Perros pequeños a medianos (Juego de 4) Cuerdas Interactivas para Entrenamiento. Rope Toys for Dogs.",633.235,https://www.amazon.com.mx//gp/slredirect/picassoRedirect.html/ref=pa_sp_mtf_pets_sr_pg1_1?ie=UTF8&adId=A0338146116EFYWHU5445&url=%2FUmile-Mascotas-Cachorros-Interactivas-entrenamiento%2Fdp%2FB07G9RJ8MR%2Fref%3Dsr_1_6_sspa%3F__mk_es_MX%3D%25C3%2585M%25C3%2585%25C5%25BD%25C3%2595%25C3%2591%26crid%3D3U4HJF8FHC2PN%26keywords%3DFitBark%2B2%2BDog%2BActivity%2BMonitor%26qid%3D1645669356%26refinements%3Dp_72%253A7073863011%26rnid%3D7073859011%26s%3Dpet-supplies%26sprefix%3Dsmart%2Bcollar%252Cpets%252C176%26sr%3D1-6-spons%26psc%3D1&qualifier=1645669356&id=3026060462792348&widgetName=sp_mtf
Whistle GO,Whistle GO/GO Explore/Twist & Go Collares para Mascotas/Bolt Azul/Grande XL,241.7,https://www.amazon.com.mx//Whistle-Explore-Twist-Collars-Large/dp/B07T81JTJN/ref=sr_1_1?__mk_es_MX=%C3%85M%C3%85%C5%BD%C3%95%C3%91&crid=3U4HJF8FHC2PN&keywords=Whistle+GO&qid=1645730285&refinements=p_72%3A7073863011&rnid=7073859011&s=pet-supplies&sprefix=smart+collar%2Cpets%2C176&sr=1-1
Whistle GO,"Rastreador de perros Tractive LTE GPS – rastreador de localización y actividad para perros con alcance ilimitado (nuevo modelo), beige (TRNJA4)",1251.06,https://www.amazon.com.mx//Tractive-Rastreador-Perros-LTE-GPS/dp/B08C5DQ2MP/ref=sr_1_2?__mk_es_MX=%C3%85M%C3%85%C5%BD%C3%95%C3%91&crid=3U4HJF8FHC2PN&keywords=Whistle+GO&qid=1645730285&refinements=p_72%3A7073863011&rnid=7073859011&s=pet-supplies&sprefix=smart+collar%2Cpets%2C176&sr=1-2
Whistle GO,Dog Whistle 210.5,186.61,https://www.amazon.com.mx//ACME-210-5-CORAL-Dog-Whistle/dp/B01HEKUC6A/ref=sr_1_3?__mk_es_MX=%C3%85M%C3%85%C5%BD%C3%95%C3%91&crid=3U4HJF8FHC2PN&keywords=Whistle+GO&qid=1645730285&refinements=p_72%3A7073863011&rnid=7073859011&s=pet-supplies&sprefix=smart+collar%2Cpets%2C176&sr=1-3
Whistle GO,"Chuckit! Fetch Medley - Pelotas de Golf (3 Unidades), Multicolor, Medium, 2.5-Inch, 3-Pack",336.34,https://www.amazon.com.mx//Canine-Hardware-Chuckit-Multicolor-2-5-Inch/dp/B002TLTZD6/ref=sr_1_4?__mk_es_MX=%C3%85M%C3%85%C5%BD%C3%95%C3%91&crid=3U4HJF8FHC2PN&keywords=Whistle+GO&qid=1645730285&refinements=p_72%3A7073863011&rnid=7073859011&s=pet-supplies&sprefix=smart+collar%2Cpets%2C176&sr=1-4
Whistle GO,PETpowder - Control 100% Natural contra pulgas y garrapatas para Mascotas. No tóxico.,180.0,https://www.amazon.com.mx//PETpowder-Control-Natural-garrapatas-Mascotas/dp/B089P1TQK8/ref=sr_1_5?__mk_es_MX=%C3%85M%C3%85%C5%BD%C3%95%C3%91&crid=3U4HJF8FHC2PN&keywords=Whistle+GO&qid=1645730285&refinements=p_72%3A7073863011&rnid=7073859011&s=pet-supplies&sprefix=smart+collar%2Cpets%2C176&sr=1-5
Whistle GO,"Kurgo Go Stuff-It Dog Treat Bag, bolsa de manos libres, bolsa de entrenamiento para golosinas, incluye clip y mosquetón, Rojo (Chili Red)",378.0,https://www.amazon.com.mx//Kurgo-Stuff-Dog-Treat-Bag/dp/B0792CGBLC/ref=sr_1_6?__mk_es_MX=%C3%85M%C3%85%C5%BD%C3%95%C3%91&crid=3U4HJF8FHC2PN&keywords=Whistle+GO&qid=1645730285&refinements=p_72%3A7073863011&rnid=7073859011&s=pet-supplies&sprefix=smart+collar%2Cpets%2C176&sr=1-6
Whistle GO,"CHUCKIT Max Glow Ball, X-Large",325.9,https://www.amazon.com.mx//CHUCKIT-Max-Glow-Ball-X-Large/dp/B00VRCY08I/ref=sr_1_7?__mk_es_MX=%C3%85M%C3%85%C5%BD%C3%95%C3%91&crid=3U4HJF8FHC2PN&keywords=Whistle+GO&qid=1645730285&refinements=p_72%3A7073863011&rnid=7073859011&s=pet-supplies&sprefix=smart+collar%2Cpets%2C176&sr=1-7
Whistle GO,Acme Dog Whistle 210.5 Black,446.68,https://www.amazon.com.mx//Acme-Dog-Whistle-210-5-Black/dp/B004DYIOI4/ref=sr_1_8?__mk_es_MX=%C3%85M%C3%85%C5%BD%C3%95%C3%91&crid=3U4HJF8FHC2PN&keywords=Whistle+GO&qid=1645730285&refinements=p_72%3A7073863011&rnid=7073859011&s=pet-supplies&sprefix=smart+collar%2Cpets%2C176&sr=1-8
Whistle GO,"Chuckit! Breathe Right Fetch - Juego de 2 Bolas, pequeño",225.37,https://www.amazon.com.mx//Chuckit-Breathe-Right-Fetch-Small/dp/B06XJ5G37H/ref=sr_1_9?__mk_es_MX=%C3%85M%C3%85%C5%BD%C3%95%C3%91&crid=3U4HJF8FHC2PN&keywords=Whistle+GO&qid=1645730285&refinements=p_72%3A7073863011&rnid=7073859011&s=pet-supplies&sprefix=smart+collar%2Cpets%2C176&sr=1-9
Whistle GO,"Silbato de entrenamiento para perros, silbatos para perros disuasión de entrenamiento para perros 3 uds. Silbato para entrenamiento de perros clicker para entrenamiento de mascotas cordón gratuito",229.0,https://www.amazon.com.mx//entrenamiento-silbatos-disuasi%C3%B3n-mascotas-gratuito/dp/B07KP6CDLX/ref=sr_1_10?__mk_es_MX=%C3%85M%C3%85%C5%BD%C3%95%C3%91&crid=3U4HJF8FHC2PN&keywords=Whistle+GO&qid=1645730285&refinements=p_72%3A7073863011&rnid=7073859011&s=pet-supplies&sprefix=smart+collar%2Cpets%2C176&sr=1-10
Whistle GO,"ELOPAW Dispositivo de control de la corteza de perro ultrasónico 3 en 1 repelente de perros de mano, herramienta de entrenamiento de comportamiento de 16,5 pies, seguro para usar con indicador LED y correa de muñeca",844.36,https://www.amazon.com.mx//ELOPAW-Dispositivo-ultras%C3%B3nico-entrenamiento-comportamiento/dp/B08CXL32GN/ref=sr_1_11?__mk_es_MX=%C3%85M%C3%85%C5%BD%C3%95%C3%91&crid=3U4HJF8FHC2PN&keywords=Whistle+GO&qid=1645730285&refinements=p_72%3A7073863011&rnid=7073859011&s=pet-supplies&sprefix=smart+collar%2Cpets%2C176&sr=1-11
Whistle GO,"Chuckit! Fetch Ball Medley, tamaño Mediano, Bola para Perro, Paquete de 3, Bolas Ultra, para Buscar y Resistentes Incluidas",396.69,https://www.amazon.com.mx//Chuckit-Fetch-Medley-GEN-Mediano/dp/B086H4FKD9/ref=sr_1_12?__mk_es_MX=%C3%85M%C3%85%C5%BD%C3%95%C3%91&crid=3U4HJF8FHC2PN&keywords=Whistle+GO&qid=1645730285&refinements=p_72%3A7073863011&rnid=7073859011&s=pet-supplies&sprefix=smart+collar%2Cpets%2C176&sr=1-12
Whistle GO,"Black Dove | Set X2 Pelotas rebotadoras de goma y dispensador de croquetas para mascotas como perros y gatos. Juguete de mascota. Ideales para la higiene dental y cuidado de tu perro o gato. (Azul-Menta, Chica (5cm))",229.0,https://www.amazon.com.mx//gp/slredirect/picassoRedirect.html/ref=pa_sp_mtf_pets_sr_pg1_1?ie=UTF8&adId=A08266953A3ZRE03KNG5L&url=%2FBlack-Dove-rebotadoras-dispensador-Azul-Menta%2Fdp%2FB096T4PHKW%2Fref%3Dsr_1_13_sspa%3F__mk_es_MX%3D%25C3%2585M%25C3%2585%25C5%25BD%25C3%2595%25C3%2591%26crid%3D3U4HJF8FHC2PN%26keywords%3DWhistle%2BGO%26qid%3D1645730285%26refinements%3Dp_72%253A7073863011%26rnid%3D7073859011%26s%3Dpet-supplies%26sprefix%3Dsmart%2Bcollar%252Cpets%252C176%26sr%3D1-13-spons%26psc%3D1&qualifier=1645730285&id=5823685370203537&widgetName=sp_mtf
Whistle GO,"Ruconla - Paquete de 4 clicker de entrenamiento para perros con correa de muñeca, juego de clicker para entrenamiento de mascotas",256.37,https://www.amazon.com.mx//Ruconla-Paquete-clicker-entrenamiento-mascotas/dp/B07GLS5M96/ref=sr_1_14?__mk_es_MX=%C3%85M%C3%85%C5%BD%C3%95%C3%91&crid=3U4HJF8FHC2PN&keywords=Whistle+GO&qid=1645730285&refinements=p_72%3A7073863011&rnid=7073859011&s=pet-supplies&sprefix=smart+collar%2Cpets%2C176&sr=1-14
Whistle GO,"Little Live Pets - Lil' Bird & Bird House: Princesa Polly | Casas de pájaros conectables, Nuevas Cabezas de pájaros en Movimiento con más de 20 Sonidos, y reacciona al Tacto",179.0,https://www.amazon.com.mx//Little-Live-Pets-Princess-Linkable/dp/B08S3PK1BW/ref=sr_1_15?__mk_es_MX=%C3%85M%C3%85%C5%BD%C3%95%C3%91&crid=3U4HJF8FHC2PN&keywords=Whistle+GO&qid=1645730285&refinements=p_72%3A7073863011&rnid=7073859011&s=pet-supplies&sprefix=smart+collar%2Cpets%2C176&sr=1-15
Whistle GO,"PUBAMALL Bolsa de Regalo para Perros para Entrenamiento, Mascota Perro pequeño Cebo Titular (L, Negro)",490.88,https://www.amazon.com.mx//PUBAMALL-Entrenamiento-Mascota-peque%C3%B1o-Titular/dp/B07TX4Q5JG/ref=sr_1_16?__mk_es_MX=%C3%85M%C3%85%C5%BD%C3%95%C3%91&crid=3U4HJF8FHC2PN&keywords=Whistle+GO&qid=1645730285&refinements=p_72%3A7073863011&rnid=7073859011&s=pet-supplies&sprefix=smart+collar%2Cpets%2C176&sr=1-16
Whistle GO,BLUETREE Dog Doorbells Premium Quality Training Potty Great Dog Bells Adjustable Door Bell Dog Bells for Potty Training Your Puppy The Easy Way - Premium Quality - 7 Extra Large Loud 1.4 DoorBells,303.71,https://www.amazon.com.mx//Doorbells-Premium-Quality-Training-Adjustable/dp/B01KG9WMWI/ref=sr_1_17?__mk_es_MX=%C3%85M%C3%85%C5%BD%C3%95%C3%91&crid=3U4HJF8FHC2PN&keywords=Whistle+GO&qid=1645730285&refinements=p_72%3A7073863011&rnid=7073859011&s=pet-supplies&sprefix=smart+collar%2Cpets%2C176&sr=1-17
Whistle GO,"Chuckit! Ultra Ball, Anaranjado, Mediana, 2.5 pulgadas, 2 piezas",347.45,https://www.amazon.com.mx//Chuckit-Anaranjado-Mediana-pulgadas-piezas/dp/B000F4AVPA/ref=sr_1_18?__mk_es_MX=%C3%85M%C3%85%C5%BD%C3%95%C3%91&crid=3U4HJF8FHC2PN&keywords=Whistle+GO&qid=1645730285&refinements=p_72%3A7073863011&rnid=7073859011&s=pet-supplies&sprefix=smart+collar%2Cpets%2C176&sr=1-18
Whistle GO,TREATPOD - Soporte para correa y clickers de entrenamiento (azul/negro) - Contenedor portátil y clickers con correas de muñeca paquete de entrenamiento,241.11,https://www.amazon.com.mx//TreatPod-Entrenamiento-contenedor-port%C3%A1til-clickers/dp/B07S5JBBZZ/ref=sr_1_19?__mk_es_MX=%C3%85M%C3%85%C5%BD%C3%95%C3%91&crid=3U4HJF8FHC2PN&keywords=Whistle+GO&qid=1645730285&refinements=p_72%3A7073863011&rnid=7073859011&s=pet-supplies&sprefix=smart+collar%2Cpets%2C176&sr=1-19
Whistle GO,"Chuckit! Fetch & Fold - Juego de Lanzador de Bolas, Multicolor",523.79,https://www.amazon.com.mx//Chuckit-Fetch-Fold-Lanzador-Multicolor/dp/B08C3X6Y2F/ref=sr_1_20?__mk_es_MX=%C3%85M%C3%85%C5%BD%C3%95%C3%91&crid=3U4HJF8FHC2PN&keywords=Whistle+GO&qid=1645730285&refinements=p_72%3A7073863011&rnid=7073859011&s=pet-supplies&sprefix=smart+collar%2Cpets%2C176&sr=1-20
Whistle GO,"Chuckit! Kick Fetch Pelota de Juguete para Perros, Multicolor, Una Talla",572.11,https://www.amazon.com.mx//Chuckit-Large-Kick-Fetch-Ball/dp/B0084DRJKO/ref=sr_1_21?__mk_es_MX=%C3%85M%C3%85%C5%BD%C3%95%C3%91&crid=3U4HJF8FHC2PN&keywords=Whistle+GO&qid=1645730285&refinements=p_72%3A7073863011&rnid=7073859011&s=pet-supplies&sprefix=smart+collar%2Cpets%2C176&sr=1-21
Whistle GO,"Juguetes para perro, juguete para cachorro, juguete interactivo de peluche y cuerda duradera para perros pequeños, medianos",289.8,https://www.amazon.com.mx//Juguetes-cachorro-interactivo-duradera-peque%C3%B1os/dp/B08S31BHGV/ref=sr_1_22?__mk_es_MX=%C3%85M%C3%85%C5%BD%C3%95%C3%91&crid=3U4HJF8FHC2PN&keywords=Whistle+GO&qid=1645730285&refinements=p_72%3A7073863011&rnid=7073859011&s=pet-supplies&sprefix=smart+collar%2Cpets%2C176&sr=1-22
Whistle GO,"SportDOG Brand SportTrainer - Entrenador remoto de hasta 3 3/4 millas de alcance, impermeable, cuello electrónico con estática, vibración y tono, recargable, Rango de 3/4 millas, 6 perros expandibles., Anaranjado",6112.34,https://www.amazon.com.mx//SportDOG-Zapatillas-Deportivas-visualizaci%C3%B3n-Expandibles/dp/B077PZF7H5/ref=sr_1_23?__mk_es_MX=%C3%85M%C3%85%C5%BD%C3%95%C3%91&crid=3U4HJF8FHC2PN&keywords=Whistle+GO&qid=1645730285&refinements=p_72%3A7073863011&rnid=7073859011&s=pet-supplies&sprefix=smart+collar%2Cpets%2C176&sr=1-23&ufe=app_do%3Aamzn1.fos.8a46d436-f8dd-421d-a49c-494b5d1632c6
Whistle GO,Beco Beco Dog Ball - Eco Friendly Natural Rubber Hollow Chew Toy for Dogs - Extra Strong - Large - Pink,281.57,https://www.amazon.com.mx//Beco-Dog-Ball-Friendly-Natural/dp/B00H3BS3CG/ref=sr_1_24?__mk_es_MX=%C3%85M%C3%85%C5%BD%C3%95%C3%91&crid=3U4HJF8FHC2PN&keywords=Whistle+GO&qid=1645730285&refinements=p_72%3A7073863011&rnid=7073859011&s=pet-supplies&sprefix=smart+collar%2Cpets%2C176&sr=1-24
Whistle GO,"Chuckit! Lanzador de Pelotas Deportivas, pequeño (25 Pulgadas), Varios Colores",341.64,https://www.amazon.com.mx//Chuckit-Sport-Launcher-Colors-Anaranjado/dp/B06XJ34N6Y/ref=sr_1_25?__mk_es_MX=%C3%85M%C3%85%C5%BD%C3%95%C3%91&crid=3U4HJF8FHC2PN&keywords=Whistle+GO&qid=1645730285&refinements=p_72%3A7073863011&rnid=7073859011&s=pet-supplies&sprefix=smart+collar%2Cpets%2C176&sr=1-25
Link AKC Smart Collar,"Collar de cadena de oro para perro con hebilla de cierre seguro, chapado en oro de 18 quilates, 20 unidades más gruesas, diamantes de circonita cúbica de 19 mm, collar de eslabones cubanos, resistente a la masticación, collar de cadena para perros medianos y grandes",671.69,https://www.amazon.com.mx//diamantes-circonita-eslabones-resistente-masticaci%C3%B3n/dp/B097SJWBY5/ref=sr_1_1?__mk_es_MX=%C3%85M%C3%85%C5%BD%C3%95%C3%91&crid=3U4HJF8FHC2PN&keywords=Link+AKC+Smart+Collar&qid=1645730292&refinements=p_72%3A7073863011&rnid=7073859011&s=pet-supplies&sprefix=smart+collar%2Cpets%2C176&sr=1-1
Link AKC Smart Collar,"Rastreador de perros Tractive LTE GPS – rastreador de localización y actividad para perros con alcance ilimitado (nuevo modelo), beige (TRNJA4)",1251.06,https://www.amazon.com.mx//Tractive-Rastreador-Perros-LTE-GPS/dp/B08C5DQ2MP/ref=sr_1_2?__mk_es_MX=%C3%85M%C3%85%C5%BD%C3%95%C3%91&crid=3U4HJF8FHC2PN&keywords=Link+AKC+Smart+Collar&qid=1645730292&refinements=p_72%3A7073863011&rnid=7073859011&s=pet-supplies&sprefix=smart+collar%2Cpets%2C176&sr=1-2
Link AKC Smart Collar,"Collar de cadena de oro para perro con hebilla de cierre seguro, chapado en oro de 18 quilates, 20 unidades más gruesas, diamantes de circonita cúbica de 10 mm, collar de eslabones cubanos, resistente a la masticación, para perros pequeños y medianos",557.61,https://www.amazon.com.mx//diamantes-circonita-eslabones-resistente-masticaci%C3%B3n/dp/B097SX3KQ9/ref=sr_1_3?__mk_es_MX=%C3%85M%C3%85%C5%BD%C3%95%C3%91&crid=3U4HJF8FHC2PN&keywords=Link+AKC+Smart+Collar&qid=1645730292&refinements=p_72%3A7073863011&rnid=7073859011&s=pet-supplies&sprefix=smart+collar%2Cpets%2C176&sr=1-3
Link AKC Smart Collar,"Max & Molly Vintage Smart ID Collar | Comfortable | Odor Free Neoprene | Smart ID Tag | Lost Pet Protection Program | Extraordinary Dog Collar, S",350.63,https://www.amazon.com.mx//Max-Molly-Comfortable-Protection-Extraordinary/dp/B07RLT79TL/ref=sr_1_4?__mk_es_MX=%C3%85M%C3%85%C5%BD%C3%95%C3%91&crid=3U4HJF8FHC2PN&keywords=Link+AKC+Smart+Collar&qid=1645730292&refinements=p_72%3A7073863011&rnid=7073859011&s=pet-supplies&sprefix=smart+collar%2Cpets%2C176&sr=1-4
Link AKC Smart Collar,"MAX & Molly Smart ID Dog Collar, Neoprene Padded Dog Collar with Personalized Pet Profile Smart ID QR-Tag, Waterproof & Machine Washable Collars for Medium Dogs, (Neck Size 13-21”) Comic",379.03,https://www.amazon.com.mx//Max-Molly-COMCOLM-C%C3%B3mic-Mediano/dp/B07Q6MXXX5/ref=sr_1_5?__mk_es_MX=%C3%85M%C3%85%C5%BD%C3%95%C3%91&crid=3U4HJF8FHC2PN&keywords=Link+AKC+Smart+Collar&qid=1645730292&refinements=p_72%3A7073863011&rnid=7073859011&s=pet-supplies&sprefix=smart+collar%2Cpets%2C176&sr=1-5
Link AKC Smart Collar,"AKC 3/4-Inch by 14-20-Inch Collar Adjustable Toy, Blue/Camel, Medium",245.84,https://www.amazon.com.mx//4-Inch-14-20-Inch-Collar-Adjustable-Medium/dp/B001HBIBZC/ref=sr_1_6?__mk_es_MX=%C3%85M%C3%85%C5%BD%C3%95%C3%91&crid=3U4HJF8FHC2PN&keywords=Link+AKC+Smart+Collar&qid=1645730292&refinements=p_72%3A7073863011&rnid=7073859011&s=pet-supplies&sprefix=smart+collar%2Cpets%2C176&sr=1-6
Link AKC Smart Collar,"Tobetrendy Cuban Link Dog Collar Designer Gold Chain Collar with Zirconia Locking 14mm Metal Puppy Collar. (14MM, 16"")",677.84,https://www.amazon.com.mx//Tobefashion-Collar-circonia-cachorro-pulgadas/dp/B081K86ZC1/ref=sr_1_7?__mk_es_MX=%C3%85M%C3%85%C5%BD%C3%95%C3%91&crid=3U4HJF8FHC2PN&keywords=Link+AKC+Smart+Collar&qid=1645730292&refinements=p_72%3A7073863011&rnid=7073859011&s=pet-supplies&sprefix=smart+collar%2Cpets%2C176&sr=1-7
Link AKC Smart Collar,"Tobetrendy Gold Dog Collar 15mm Dog Chain Collar Heavy Duty Cuban Link Dog Chain with Metal Buckle for Small Dogs Puppy (15MM, 10"")",872.14,https://www.amazon.com.mx//Tobetrendy-Collar-Chain-Heavy-Buckle/dp/B089XZTGLL/ref=sr_1_8?__mk_es_MX=%C3%85M%C3%85%C5%BD%C3%95%C3%91&crid=3U4HJF8FHC2PN&keywords=Link+AKC+Smart+Collar&qid=1645730292&refinements=p_72%3A7073863011&rnid=7073859011&s=pet-supplies&sprefix=smart+collar%2Cpets%2C176&sr=1-8
Link AKC Smart Collar,Triple Chain Heavy Duty Semi Choke Martingale Dog Collar 3mm Link Chrome 6 Sizes (#5 - Closed:24-Open:26.5) by Dogs My Love,498.27,https://www.amazon.com.mx//Triple-Chain-Martingale-Collar-Chrome/dp/B01A035TU2/ref=sr_1_9?__mk_es_MX=%C3%85M%C3%85%C5%BD%C3%95%C3%91&crid=3U4HJF8FHC2PN&keywords=Link+AKC+Smart+Collar&qid=1645730292&refinements=p_72%3A7073863011&rnid=7073859011&s=pet-supplies&sprefix=smart+collar%2Cpets%2C176&sr=1-9
Link AKC Smart Collar,"ToBeTrendy Chain Dog Training Walking Collar Gold Cuban Link Dog Collar 316L Stainless Steel Metal 15mm Heavy Duty Slip Collar for Small Dogs(15MM, 18"")",386.9,https://www.amazon.com.mx//ToBeTrendy-Training-Walking-Collar-Stainless/dp/B0878VW9MF/ref=sr_1_10?__mk_es_MX=%C3%85M%C3%85%C5%BD%C3%95%C3%91&crid=3U4HJF8FHC2PN&keywords=Link+AKC+Smart+Collar&qid=1645730292&refinements=p_72%3A7073863011&rnid=7073859011&s=pet-supplies&sprefix=smart+collar%2Cpets%2C176&sr=1-10
Link AKC Smart Collar,Dog Supplies Triple Crown Collar Link,369.43,https://www.amazon.com.mx//Supplies-Triple-Crown-Collar-Link/dp/B0040VFM62/ref=sr_1_11?__mk_es_MX=%C3%85M%C3%85%C5%BD%C3%95%C3%91&crid=3U4HJF8FHC2PN&keywords=Link+AKC+Smart+Collar&qid=1645730292&refinements=p_72%3A7073863011&rnid=7073859011&s=pet-supplies&sprefix=smart+collar%2Cpets%2C176&sr=1-11
Link AKC Smart Collar,"Pet State 19mm Gold Dog Collar, Cuban Link Collar with Secure Snap Buckle, 18K Gold Plated 20X Thicker 316L Martingale Stainless Steel, Chew Proof Heavy Duty Pitbull Collar for All Sized Dogs",749.07,https://www.amazon.com.mx//PET-STATE-Collar-perro-dorado/dp/B08QRHJLXP/ref=sr_1_12?__mk_es_MX=%C3%85M%C3%85%C5%BD%C3%95%C3%91&crid=3U4HJF8FHC2PN&keywords=Link+AKC+Smart+Collar&qid=1645730292&refinements=p_72%3A7073863011&rnid=7073859011&s=pet-supplies&sprefix=smart+collar%2Cpets%2C176&sr=1-12
Link AKC Smart Collar,"Max & Molly Heros Smart ID Collar | Comfortable | Odor Free Neoprene | Smart ID Tag | Lost Pet Protection Program | Extraordinary Dog Collar, S",290.76,https://www.amazon.com.mx//Max-Molly-Comfortable-Protection-Extraordinary/dp/B07SCZ45NQ/ref=sr_1_13?__mk_es_MX=%C3%85M%C3%85%C5%BD%C3%95%C3%91&crid=3U4HJF8FHC2PN&keywords=Link+AKC+Smart+Collar&qid=1645730292&refinements=p_72%3A7073863011&rnid=7073859011&s=pet-supplies&sprefix=smart+collar%2Cpets%2C176&sr=1-13
Link AKC Smart Collar,"ToBeTrendy Chain Dog Training Walking Collar Gold Cuban Link Dog Collar 316L Stainless Steel Metal 15mm Heavy Duty Slip Collar for Medium Dogs(15MM, 22"")",430.32,https://www.amazon.com.mx//ToBeTrendy-Training-Walking-Collar-Stainless/dp/B0878YFYXR/ref=sr_1_14?__mk_es_MX=%C3%85M%C3%85%C5%BD%C3%95%C3%91&crid=3U4HJF8FHC2PN&keywords=Link+AKC+Smart+Collar&qid=1645730292&refinements=p_72%3A7073863011&rnid=7073859011&s=pet-supplies&sprefix=smart+collar%2Cpets%2C176&sr=1-14
Link AKC Smart Collar,Chrome Pinch Training Prong Dog Collar 4 Size (Size 5: 19.5 Close -23 Open) by Dogs My Love,345.17,https://www.amazon.com.mx//Chrome-Pinch-Training-Prong-Collar/dp/B01BSIEFOO/ref=sr_1_15?__mk_es_MX=%C3%85M%C3%85%C5%BD%C3%95%C3%91&crid=3U4HJF8FHC2PN&keywords=Link+AKC+Smart+Collar&qid=1645730292&refinements=p_72%3A7073863011&rnid=7073859011&s=pet-supplies&sprefix=smart+collar%2Cpets%2C176&sr=1-15
Link AKC Smart Collar,"Buckle-Down 13-18"" Chain Link Fence Grays Dog Collar Bone, Wide Small",521.2,https://www.amazon.com.mx//Buckle-Down-13-18-Chain-Fence-Collar/dp/B01MAUCC05/ref=sr_1_16?__mk_es_MX=%C3%85M%C3%85%C5%BD%C3%95%C3%91&crid=3U4HJF8FHC2PN&keywords=Link+AKC+Smart+Collar&qid=1645730292&refinements=p_72%3A7073863011&rnid=7073859011&s=pet-supplies&sprefix=smart+collar%2Cpets%2C176&sr=1-16
Link AKC Smart Collar,Collar de perro gris,1223.59,https://www.amazon.com.mx//IPS-IP-SMART-Collar-perro/dp/B099RXVSB1/ref=sr_1_17?__mk_es_MX=%C3%85M%C3%85%C5%BD%C3%95%C3%91&crid=3U4HJF8FHC2PN&keywords=Link+AKC+Smart+Collar&qid=1645730292&refinements=p_72%3A7073863011&rnid=7073859011&s=pet-supplies&sprefix=smart+collar%2Cpets%2C176&sr=1-17
Link AKC Smart Collar,EzyDog Double Up Dog Collar,1355.13,https://www.amazon.com.mx//EzyDog-Collar-Perro-Bubble-Mediano/dp/B01GH44KBW/ref=sr_1_18?__mk_es_MX=%C3%85M%C3%85%C5%BD%C3%95%C3%91&crid=3U4HJF8FHC2PN&keywords=Link+AKC+Smart+Collar&qid=1645730292&refinements=p_72%3A7073863011&rnid=7073859011&s=pet-supplies&sprefix=smart+collar%2Cpets%2C176&sr=1-18
Link AKC Smart Collar,"Hamilton Collar de Perro de Lujo de Nailon de Doble Grosor, 2.5 x 76.2 cm, Azul Marino",255.41,https://www.amazon.com.mx//Hamilton-Deluxe-nailon-grueso-collar/dp/B0058M4KF6/ref=sr_1_19?__mk_es_MX=%C3%85M%C3%85%C5%BD%C3%95%C3%91&crid=3U4HJF8FHC2PN&keywords=Link+AKC+Smart+Collar&qid=1645730292&refinements=p_72%3A7073863011&rnid=7073859011&s=pet-supplies&sprefix=smart+collar%2Cpets%2C176&sr=1-19
Link AKC Smart Collar,"Links Collar, Navy, XS",338.72,https://www.amazon.com.mx//The-Worthy-Dog-1955-Collar/dp/B01N4NLNHL/ref=sr_1_20?__mk_es_MX=%C3%85M%C3%85%C5%BD%C3%95%C3%91&crid=3U4HJF8FHC2PN&keywords=Link+AKC+Smart+Collar&qid=1645730292&refinements=p_72%3A7073863011&rnid=7073859011&s=pet-supplies&sprefix=smart+collar%2Cpets%2C176&sr=1-20
Link AKC Smart Collar,"Guardian Gear Chrome-Plated Steel Extra-Links Prong Dog Collar, 3⅘""",265.4,https://www.amazon.com.mx//Guardian-Chrome-Plated-Collar-5-Inch/dp/B000GDTRNW/ref=sr_1_21?__mk_es_MX=%C3%85M%C3%85%C5%BD%C3%95%C3%91&crid=3U4HJF8FHC2PN&keywords=Link+AKC+Smart+Collar&qid=1645730292&refinements=p_72%3A7073863011&rnid=7073859011&s=pet-supplies&sprefix=smart+collar%2Cpets%2C176&sr=1-21
Link AKC Smart Collar,"Buckle Down-Down DC-WMC083-L Seatbelt Dog Collar, Guardians of The Galaxy 5-Character Pose Blocks, 1.5"" Wide - Fits 16-23"" Neck - Medium",695.89,https://www.amazon.com.mx//Buckle-Down-Down-DC-WMC083-L-Guardians-5-Character/dp/B0744NYBCC/ref=sr_1_22?__mk_es_MX=%C3%85M%C3%85%C5%BD%C3%95%C3%91&crid=3U4HJF8FHC2PN&keywords=Link+AKC+Smart+Collar&qid=1645730292&refinements=p_72%3A7073863011&rnid=7073859011&s=pet-supplies&sprefix=smart+collar%2Cpets%2C176&sr=1-22
Link AKC Smart Collar,Collares para mascotas,290.12,https://www.amazon.com.mx//OUTERSLEY-Collares-para-mascotas/dp/B09FSGWXYW/ref=sr_1_23?__mk_es_MX=%C3%85M%C3%85%C5%BD%C3%95%C3%91&crid=3U4HJF8FHC2PN&keywords=Link+AKC+Smart+Collar&qid=1645730292&refinements=p_72%3A7073863011&rnid=7073859011&s=pet-supplies&sprefix=smart+collar%2Cpets%2C176&sr=1-23
Link AKC Smart Collar,"(Customised Collar - Large, Ivory) - Blueberry Pet Spring Scent Floral Collection - Regular, Personalised Collars and Seatbelts for Dogs",387.86,https://www.amazon.com.mx//Blueberry-Pet-Spring-Seguridad-Customized/dp/B074379MTP/ref=sr_1_24?__mk_es_MX=%C3%85M%C3%85%C5%BD%C3%95%C3%91&crid=3U4HJF8FHC2PN&keywords=Link+AKC+Smart+Collar&qid=1645730292&refinements=p_72%3A7073863011&rnid=7073859011&s=pet-supplies&sprefix=smart+collar%2Cpets%2C176&sr=1-24
Pawscout Smarter Pet Tag,"Sichy Funda protectora de silicona para Apple Airtag GPS Buscador de collar de perro gato, soporte de bucle para Air_tag, para localizador de Apple, dispositivo antipérdida (rojo vino/arena rosa)",259.99,https://www.amazon.com.mx//Sichy-protectora-silicona-dispositivo-Anti-Perdida/dp/B095YRHQKH/ref=sr_1_1?__mk_es_MX=%C3%85M%C3%85%C5%BD%C3%95%C3%91&crid=3U4HJF8FHC2PN&keywords=Pawscout+Smarter+Pet+Tag&qid=1645730297&refinements=p_72%3A7073863011&rnid=7073859011&s=pet-supplies&sprefix=smart+collar%2Cpets%2C176&sr=1-1
Pawscout Smarter Pet Tag,"DYNOTAG Web Enabled Super Pet ID Smart Tag. Deluxe Coated Steel, with DynoIQ & Lifetime Recovery Service. Fun Series (Red: Oh Crap, I'm Lost)",519.15,https://www.amazon.com.mx//DYNOTAG-Enabled-Lifetime-Recovery-Service/dp/B01DK7T7KS/ref=sr_1_2?__mk_es_MX=%C3%85M%C3%85%C5%BD%C3%95%C3%91&crid=3U4HJF8FHC2PN&keywords=Pawscout+Smarter+Pet+Tag&qid=1645730297&refinements=p_72%3A7073863011&rnid=7073859011&s=pet-supplies&sprefix=smart+collar%2Cpets%2C176&sr=1-2
Pawscout Smarter Pet Tag,"Dynotag Web Enabled Smart Round Coated Metal ID Tag and Ring. Pet Tag, Property Tag - Multiple Uses, with DynoIQ & Lifetime Recovery Service.",486.3,https://www.amazon.com.mx//Dynotag-Enabled-Smart-Coated-Property/dp/B0060UXFBA/ref=sr_1_3?__mk_es_MX=%C3%85M%C3%85%C5%BD%C3%95%C3%91&crid=3U4HJF8FHC2PN&keywords=Pawscout+Smarter+Pet+Tag&qid=1645730297&refinements=p_72%3A7073863011&rnid=7073859011&s=pet-supplies&sprefix=smart+collar%2Cpets%2C176&sr=1-3
Pawscout Smarter Pet Tag,Placa de identificación para mascotas QR,314.32,https://www.amazon.com.mx//Placa-identificaci%C3%B3n-para-mascotas-QR/dp/B08MFPRKP4/ref=sr_1_4?__mk_es_MX=%C3%85M%C3%85%C5%BD%C3%95%C3%91&crid=3U4HJF8FHC2PN&keywords=Pawscout+Smarter+Pet+Tag&qid=1645730297&refinements=p_72%3A7073863011&rnid=7073859011&s=pet-supplies&sprefix=smart+collar%2Cpets%2C176&sr=1-4
Pawscout Smarter Pet Tag,"Rastreador de perros Tractive LTE GPS – rastreador de localización y actividad para perros con alcance ilimitado (nuevo modelo), beige (TRNJA4)",1251.06,https://www.amazon.com.mx//Tractive-Rastreador-Perros-LTE-GPS/dp/B08C5DQ2MP/ref=sr_1_5?__mk_es_MX=%C3%85M%C3%85%C5%BD%C3%95%C3%91&crid=3U4HJF8FHC2PN&keywords=Pawscout+Smarter+Pet+Tag&qid=1645730297&refinements=p_72%3A7073863011&rnid=7073859011&s=pet-supplies&sprefix=smart+collar%2Cpets%2C176&sr=1-5
Pawscout Smarter Pet Tag,"DISONTAG Placas para Perros,Placa para Perros Personalizadas,Placas para Mascotas,Placa De Identificacion Perros,18 Patrones Realistas, Pantalla De Información única | Modificable",339.0,https://www.amazon.com.mx//DISONTAG-identificaci%C3%B3n-inteligente-almacenar-informaci%C3%B3n/dp/B085VJ3TGQ/ref=sr_1_6?__mk_es_MX=%C3%85M%C3%85%C5%BD%C3%95%C3%91&crid=3U4HJF8FHC2PN&keywords=Pawscout+Smarter+Pet+Tag&qid=1645730297&refinements=p_72%3A7073863011&rnid=7073859011&s=pet-supplies&sprefix=smart+collar%2Cpets%2C176&sr=1-6
Pawscout Smarter Pet Tag,"Platinum Pets - Etiqueta para perro y gato, diseño de perro y gato",281.16,https://www.amazon.com.mx//Platinum-Pets-Pawsitively-Finder-Peque%C3%B1o/dp/B01MDR6GLI/ref=sr_1_7?__mk_es_MX=%C3%85M%C3%85%C5%BD%C3%95%C3%91&crid=3U4HJF8FHC2PN&keywords=Pawscout+Smarter+Pet+Tag&qid=1645730297&refinements=p_72%3A7073863011&rnid=7073859011&s=pet-supplies&sprefix=smart+collar%2Cpets%2C176&sr=1-7
Pawscout Smarter Pet Tag,"IVIA - Clips para identificación de mascotas, varios tamaños de acero inoxidable 304 con anillos, fácil de cambiar, para collares y arneses para perros pequeños, medianos y grandes",383.73,https://www.amazon.com.mx//IVIA-Inoxidable-identificaci%C3%B3n-Anillos-Collares/dp/B07P7CPR8P/ref=sr_1_8?__mk_es_MX=%C3%85M%C3%85%C5%BD%C3%95%C3%91&crid=3U4HJF8FHC2PN&keywords=Pawscout+Smarter+Pet+Tag&qid=1645730297&refinements=p_72%3A7073863011&rnid=7073859011&s=pet-supplies&sprefix=smart+collar%2Cpets%2C176&sr=1-8
Pawscout Smarter Pet Tag,High Tech Pet Micro Sonic 5 Collar Resistente al Agua con transmisor Digital MS-5,1800.98,https://www.amazon.com.mx//High-Tech-Pet-Water-Resistant-MS-5/dp/B00B8Y62BI/ref=sr_1_9?__mk_es_MX=%C3%85M%C3%85%C5%BD%C3%95%C3%91&crid=3U4HJF8FHC2PN&keywords=Pawscout+Smarter+Pet+Tag&qid=1645730297&refinements=p_72%3A7073863011&rnid=7073859011&s=pet-supplies&sprefix=smart+collar%2Cpets%2C176&sr=1-9
Pawscout Smarter Pet Tag,"Dog Collar Holder for AirTag Silicone Protective Tracker Cover Compatible with AirTags 2021 for Pet Cat Collar, Keys, Luggage, Backpacks and Children's Schoolbag(4 Pack)",241.74,https://www.amazon.com.mx//Protective-Compatible-Backpacks-Childrens-Schoolbag/dp/B09F8M8BHM/ref=sr_1_10?__mk_es_MX=%C3%85M%C3%85%C5%BD%C3%95%C3%91&crid=3U4HJF8FHC2PN&keywords=Pawscout+Smarter+Pet+Tag&qid=1645730297&refinements=p_72%3A7073863011&rnid=7073859011&s=pet-supplies&sprefix=smart+collar%2Cpets%2C176&sr=1-10
Pawscout Smarter Pet Tag,Dynotag Web Enabled Super Pet ID Smart Tag con DynoIQ & Lifetime Recovery Service. Play Serie: Acero revestido de lujo - Corazón (OMG Lost),476.5,https://www.amazon.com.mx//Dynotag-Enabled-DynoIQ-Servicio-recuperaci%C3%B3n/dp/B07789GJFT/ref=sr_1_11?__mk_es_MX=%C3%85M%C3%85%C5%BD%C3%95%C3%91&crid=3U4HJF8FHC2PN&keywords=Pawscout+Smarter+Pet+Tag&qid=1645730297&refinements=p_72%3A7073863011&rnid=7073859011&s=pet-supplies&sprefix=smart+collar%2Cpets%2C176&sr=1-11
Pawscout Smarter Pet Tag,Etiquetas para perros – Etiqueta de perro pequeño y etiqueta de gato – Etiqueta de identificación de mascota – Etiquetas para mascotas escaneables para ubicación – Etiqueta de identificación de gato y etiqueta de identificación de perro con perfil en línea – Etiquetas divertidas para perros – Etiquetas para tus mascotas,314.32,https://www.amazon.com.mx//Etiquetas-para-perros-identificaci%C3%B3n-escaneables/dp/B092FQ25LF/ref=sr_1_12?__mk_es_MX=%C3%85M%C3%85%C5%BD%C3%95%C3%91&crid=3U4HJF8FHC2PN&keywords=Pawscout+Smarter+Pet+Tag&qid=1645730297&refinements=p_72%3A7073863011&rnid=7073859011&s=pet-supplies&sprefix=smart+collar%2Cpets%2C176&sr=1-12
Pawscout Smarter Pet Tag,"AUEAR, paquete de 10 etiquetas de identificación para mascotas, nombre de dirección, número de teléfono celular, etiquetas de acero inoxidable personalizadas para perros y gatos, pequeñas etiquetas de identificación de animales, tubo de barril antipérdida.",154.27,https://www.amazon.com.mx//AUEAR-identificaci%C3%B3n-inoxidable-personalizadas-antip%C3%A9rdida/dp/B07X8R3425/ref=sr_1_13?__mk_es_MX=%C3%85M%C3%85%C5%BD%C3%95%C3%91&crid=3U4HJF8FHC2PN&keywords=Pawscout+Smarter+Pet+Tag&qid=1645730297&refinements=p_72%3A7073863011&rnid=7073859011&s=pet-supplies&sprefix=smart+collar%2Cpets%2C176&sr=1-13
Pawscout Smarter Pet Tag,"Microchip para Mascotas Perros y Gatos - con Pasaporte, Certificado y Placa Inteligente - Kit de Viaje",780.0,https://www.amazon.com.mx//Microchip-para-Mascotas-Perros-Gatos/dp/B09F97Y5HR/ref=sr_1_14?__mk_es_MX=%C3%85M%C3%85%C5%BD%C3%95%C3%91&crid=3U4HJF8FHC2PN&keywords=Pawscout+Smarter+Pet+Tag&qid=1645730297&refinements=p_72%3A7073863011&rnid=7073859011&s=pet-supplies&sprefix=smart+collar%2Cpets%2C176&sr=1-14
Pawscout Smarter Pet Tag,"ID Mascotas: Identificación Digital con código QR para Mascotas, Plaquita Digital para Perro, Razas Medianas y Grandes, Placa De Identificación Perros de Aluminio inoxidable. (Plata)",349.0,https://www.amazon.com.mx//ID-Mascotas-Identificaci%C3%B3n-Plaquita-inoxidable/dp/B098RDRF43/ref=sr_1_15?__mk_es_MX=%C3%85M%C3%85%C5%BD%C3%95%C3%91&crid=3U4HJF8FHC2PN&keywords=Pawscout+Smarter+Pet+Tag&qid=1645730297&refinements=p_72%3A7073863011&rnid=7073859011&s=pet-supplies&sprefix=smart+collar%2Cpets%2C176&sr=1-15
Pawscout Smarter Pet Tag,GoTags Pet ID Etiquetas personalizadas para mascotas para perros y gatos. Grabado en la parte delantera y trasera. Varios colores y tamaños. Aluminio anodizado. Forma de hueso pequeña.,194.32,https://www.amazon.com.mx//GoTags-Pet-ID-Personalized-Bone/dp/B071KZQ9KB/ref=sr_1_16?__mk_es_MX=%C3%85M%C3%85%C5%BD%C3%95%C3%91&crid=3U4HJF8FHC2PN&keywords=Pawscout+Smarter+Pet+Tag&qid=1645730297&refinements=p_72%3A7073863011&rnid=7073859011&s=pet-supplies&sprefix=smart+collar%2Cpets%2C176&sr=1-16
Pawscout Smarter Pet Tag,"Etiqueta de identificación para mascotas con código QR Enlaces a perfil en línea w/múltiples contactos de emergencia y fotos, escanea QR Enviando correo electrónico de ubicación de mascotas al propietario, etiquetas personalizadas para perros y etiquetas para gatos, aleación de zinc, modificable",334.46,https://www.amazon.com.mx//identificaci%C3%B3n-electr%C3%B3nico-propietario-personalizadas-modificable/dp/B09DYR5WN4/ref=sr_1_17?__mk_es_MX=%C3%85M%C3%85%C5%BD%C3%95%C3%91&crid=3U4HJF8FHC2PN&keywords=Pawscout+Smarter+Pet+Tag&qid=1645730297&refinements=p_72%3A7073863011&rnid=7073859011&s=pet-supplies&sprefix=smart+collar%2Cpets%2C176&sr=1-17
Pawscout Smarter Pet Tag,Dynotag Web habilitado Super Pet ID etiqueta inteligente con DynoIQ y servicio de recuperación de por vida. Play Series: hueso (tormenta de hueso),480.38,https://www.amazon.com.mx//habilitado-etiqueta-inteligente-servicio-recuperaci%C3%B3n/dp/B0778G9KHH/ref=sr_1_18?__mk_es_MX=%C3%85M%C3%85%C5%BD%C3%95%C3%91&crid=3U4HJF8FHC2PN&keywords=Pawscout+Smarter+Pet+Tag&qid=1645730297&refinements=p_72%3A7073863011&rnid=7073859011&s=pet-supplies&sprefix=smart+collar%2Cpets%2C176&sr=1-18
Pawscout Smarter Pet Tag,Prizi Paw Premio Entrenador y Educador para Compartir con Tu Perro. Bote de 1000gr con 50 Galletas,450.0,https://www.amazon.com.mx//Prizi-Paw-Entrenador-Educador-Compartir/dp/B08NXXH94V/ref=sr_1_19?__mk_es_MX=%C3%85M%C3%85%C5%BD%C3%95%C3%91&crid=3U4HJF8FHC2PN&keywords=Pawscout+Smarter+Pet+Tag&qid=1645730297&refinements=p_72%3A7073863011&rnid=7073859011&s=pet-supplies&sprefix=smart+collar%2Cpets%2C176&sr=1-19
Pawscout Smarter Pet Tag,Dynotag Etiqueta inteligente para identificación de mascotas con DynoIQ y servicio de recuperación de por vida. Play Series: Redondo (Keep Calm),476.09,https://www.amazon.com.mx//Dynotag-Enabled-DynoIQ-Servicio-recuperaci%C3%B3n/dp/B0778LBTZB/ref=sr_1_20?__mk_es_MX=%C3%85M%C3%85%C5%BD%C3%95%C3%91&crid=3U4HJF8FHC2PN&keywords=Pawscout+Smarter+Pet+Tag&qid=1645730297&refinements=p_72%3A7073863011&rnid=7073859011&s=pet-supplies&sprefix=smart+collar%2Cpets%2C176&sr=1-20
Pawscout Smarter Pet Tag,SynergyLabs Dental Fresh Original Formula for Dogs and Cats; 17 fl. oz.,858.0,https://www.amazon.com.mx//SynergyLabs-Dental-Fresh-Original-Formula/dp/B0002DIO3A/ref=sr_1_21?__mk_es_MX=%C3%85M%C3%85%C5%BD%C3%95%C3%91&crid=3U4HJF8FHC2PN&keywords=Pawscout+Smarter+Pet+Tag&qid=1645730297&refinements=p_72%3A7073863011&rnid=7073859011&s=pet-supplies&sprefix=smart+collar%2Cpets%2C176&sr=1-21
FitBark 2 Dog Activity Monitor,"Whistle Fit - Rastreador de Fitness para Mascotas, Seguimiento de la Salud, nutrición y Actividad, Impermeable, Monitor de Comportamiento, lamer, arañazos, Beber y Dormir, Verde",1384.24,https://www.amazon.com.mx//Whistle-GO-Explore-Twist-Go/dp/B07TB5ML3L/ref=sr_1_1?__mk_es_MX=%C3%85M%C3%85%C5%BD%C3%95%C3%91&crid=3U4HJF8FHC2PN&keywords=FitBark+2+Dog+Activity+Monitor&qid=1645730317&refinements=p_72%3A7073863011&rnid=7073859011&s=pet-supplies&sprefix=smart+collar%2Cpets%2C176&sr=1-1
FitBark 2 Dog Activity Monitor,"Umile Nuevo Juguete de Cuerdas para Perro 4 EN 1, Juguetes para Cachorros. Juguetes para Perros pequeños a medianos (Juego de 4) Cuerdas Interactivas para Entrenamiento. Rope Toys for Dogs.",329.00,https://www.amazon.com.mx//gp/slredirect/picassoRedirect.html/ref=pa_sp_mtf_pets_sr_pg1_1?ie=UTF8&adId=A0338146116EFYWHU5445&url=%2FUmile-Mascotas-Cachorros-Interactivas-entrenamiento%2Fdp%2FB07G9RJ8MR%2Fref%3Dsr_1_2_sspa%3F__mk_es_MX%3D%25C3%2585M%25C3%2585%25C5%25BD%25C3%2595%25C3%2591%26crid%3D3U4HJF8FHC2PN%26keywords%3DFitBark%2B2%2BDog%2BActivity%2BMonitor%26qid%3D1645730317%26refinements%3Dp_72%253A7073863011%26rnid%3D7073859011%26s%3Dpet-supplies%26sprefix%3Dsmart%2Bcollar%252Cpets%252C176%26sr%3D1-2-spons%26psc%3D1&qualifier=1645730317&id=8146827925740590&widgetName=sp_mtf
